,address,lat,lng
0,23 Marina Way,-22.89647995629184,-42.790424899566176
1,23 Delta Road,1.2917600000000675,103.82594000000006
2,6 Kitchener Link,14.567170000000033,121.03331000000003
3,15 Tong Watt Road,,
4,78 Guan Chuan Street,1.2825600000000463,103.83110000000005
5,3 Orchard Boulevard,36.51037250295536,-79.67254051322824
6,82 Dakota Crescent,1.3063500000000658,103.88428000000005
7,48 Spottiswoode Park Road,1.2756359350288449,103.8367030601188
8,22 Saint Thomas Walk,9.025580000000048,76.92636000000005
9,10 Martin Place,30.064440940630607,-90.48001543265697
10,91 West Coast Vale,50.67561000000006,-120.32274999999998
11,25 Mount Sophia,41.114810000000034,-75.30128999999994
12,205 River Valley Road,51.14365423833564,1.276944811286641
13,145 Killiney Road,-37.81171999999998,144.96972000000005
14,3 Wallich Street,51.676420000000064,-4.160719999999969
15,24 Bedok North Drive,1.3245267380608823,103.9298809058638
16,6 Sims Drive,60.30940000000004,5.322120000000041
17,11 Paya Lebar Road,2.8500000000000227,102.33333000000005
18,45 Mosque Street,17.89423000000005,83.45044000000007
19,55 Changi Road,1.3175800000000208,103.90582000000006
20,11 River Valley Close,51.14365423833564,1.276944811286641
21,14 Kitchener Link,14.567170000000033,121.03331000000003
22,213 Guillemard Road,43.887170000000026,2.3943400000000565
23,61 Cairnhill Circle,57.435253440000054,-2.7583398269999293
24,1 Ardmore Park,,
25,21 Nathan Road,22.312425183834932,114.17049745942177
26,37 Nassim Road,,
27,12 Siglap Link,1.3076516514346672,103.92866915032532
28,10 Gopeng Street,1.2751618964947653,103.84453846320719
29,1 Shenton Way,41.29284336405261,-73.07065625592509
30,5000A Marine Parade Road,1.309092636829746,103.92928922731863
31,1 Fraser Street,53.409980000000076,-2.9765199999999368
32,8 Martin Place,35.06977000000006,-106.10418999999996
33,6A Lincoln Road,52.58834000000007,-0.24678999999997586
34,10 Prinsep Link,1.3004919240719204,103.85069874294601
35,4 Marina Boulevard,-27.96807999999993,153.42699000000005
36,38 Scotts Road,52.47646000000003,-1.89549999999997
37,20 Newton Road,52.54562000000004,-1.9341199999999503
38,48 Saint Thomas Walk,9.025580000000048,76.92636000000005
39,371 Beach Road,-35.944239451205654,173.85901509119435
40,100 Clemenceau Avenue North,1.3105000000000473,103.83948000000004
41,149 Pasir Ris Grove,1.369082881775256,103.94566729848538
42,9 Oxley Rise,1.2973100000000386,103.84320000000008
43,18 Woodsville Close,52.75829527489837,-1.547544027771735
44,24 Leedon Heights,1.314076767914969,103.80263640722382
45,8 Scotts Road,52.47646000000003,-1.89549999999997
46,101 Cairnhill Circle,-45.31666999999993,169.38333000000011
47,28 Beach Road,11.923890000000029,79.83346000000006
48,61 Tampines Street 86,1.352111288676357,103.9287067132795
49,91 Prince Charles Crescent,46.308248986453,-63.76340286916063
50,11 Evelyn Road,38.938420000000065,-81.34428999999994
51,16 Mount Elizabeth,40.26366343854566,-79.88776559409274
52,38 Handy Road,35.079630000000066,-81.08995999999996
53,6 Hougang Street 92,1.3745870680429846,103.87799172842784
54,10 Siglap Link,1.3076516514346672,103.92866915032532
55,68 Edgedale Plains,40.89696888550279,-81.35382470735233
56,10 Kensington Park Drive,,
57,76 Shenton Way,,
58,6 Paya Lebar Road,2.8500000000000227,102.33333000000005
59,7 Ardmore Park,,
60,3 Keppel Bay View,,
61,29 Oei Tiong Ham Park,1.3152800000000298,103.79389000000003
62,23 Angullia Park,1.3047000000000253,103.83010000000007
63,22 Teow Hock Avenue,1.3614755502722602,103.88007773267111
64,18 Marina Boulevard,-27.96807999999993,153.42699000000005
65,Boat Quay / Raffles Place / Marina (D1),1.2876400000000672,103.84843000000006
66,88 Mergui Road,1.3178306870711225,103.85196935564835
67,7 One-North Gateway,46.31713505197182,-79.46455992267678
68,8 Tomlinson Road,-67.24999999999994,51.18333000000007
69,89 Rangoon Road,1.3180700000000343,103.85215000000005
70,28 Surrey Road,49.052827844602795,-122.7983593284778
71,1 Lorong 20 Geylang,1.3123929692955585,103.88150315912509
72,16 Enggor Street,1.2746179528881925,103.84431952789629
73,Hougang / Punggol / Sengkang (D19),,
74,25 Lorong 3 Toa Payoh,2.181670062422512,103.18877940572256
75,130 Thomson Road,22.277480000000025,114.17496000000006
76,3 Central Boulevard,1.1003100000000359,104.03362000000004
77,21 Lorong 3 Toa Payoh,2.181932040136039,103.18867865898521
78,231 Pasir Panjang Road,0.8443000000000325,108.88043000000005
79,33 Leonie Hill Road,1.2993575172961442,103.83325072183891
80,1 Taman Warna,5.998920000000055,102.01026000000007
81,11 Thomson Lane,44.06475778452852,-123.11724082692453
82,42 Keppel Bay Drive,48.2927099840216,11.07051001445879
83,111 Emerald Hill Road,1.3050600000000259,103.83924000000007
84,210 Depot Road,51.616250000000036,-3.7577499999999304
85,31 Cairnhill Circle,57.435253440000054,-2.7583398269999293
86,610 Telok Blangah Road,1.272466402162081,103.80781625574821
87,3 Serangoon North View,39.29541000000006,-80.35137999999995
88,9 Ardmore Park,39.99657000000008,-75.29884999999996
89,19 Mackenzie Road,1.304770000000076,103.84953000000007
90,233 River Valley Road,51.14365423833564,1.276944811286641
91,11 Mount Emily Road,46.62163975821103,-111.96258136912091
92,12 Bukit Batok Street 41,49.084475943343705,30.409394430075206
93,1 Holland Avenue,51.91903000000008,4.477450000000033
94,232 Commonwealth Avenue,-35.29442999999998,149.12680000000012
95,6 Cairnhill Rise,1.3069298962629006,103.83971618667232
96,101 Mergui Road,1.3179478241680016,103.85147046477135
97,11 Dairy Farm Heights,1.3658845570710838,103.77173761081497
98,1 Chwee Chian Road,,
99,80 Sophia Road,,
100,881 North Bridge Road,53.52906000000007,-1.1450899999999251
101,37 Amber Gardens,22.26457010000007,114.18844230000002
102,11C Balmoral Road,53.387860000000046,-2.3431399999999485
103,6 Marina Boulevard,-27.96807999999993,153.42699000000005
104,70 Shenton Way,40.74254593398511,-98.78840021147883
105,9 Cairnhill Road,57.435253440000054,-2.7583398269999293
106,5 Sarkies Road,1.3136992050864222,103.8367592188701
107,2 Sing Joo Walk,50.44572000000005,6.102460000000065
108,2 Sims Drive,60.30940000000004,5.322120000000041
109,121 Tanjong Rhu Road,1.2969015777562305,103.87455581867812
110,18 Tong Watt Road,,
111,3 Lorong 35 Geylang,3.492200013013644,103.39328998857798
112,180 Bencoolen Street,1.30163232390845,103.85334264666466
113,65 Lloyd Road,,
114,101 Fernhill Road,45.47123000000005,-123.10176999999999
115,70 Grange Road,43.56711000000007,-80.22628999999995
116,180A Bencoolen Street,1.300047342628928,103.85130184964511
117,263 River Valley Road,51.14365423833564,1.276944811286641
118,2 Saint Martin's Drive,51.26834744048902,1.0910477084931969
119,261 River Valley Road,,
120,2 Marina Boulevard,,
121,260 Joo Chiat Place,,
122,48 Robertson Quay,,
123,10 Beatty Road,1.314230000000066,103.85960000000006
124,25 Meyappa Chettiar Road,1.3308980322121187,103.86689945304158
125,80 Mount Sinai Drive,1.3179719640491356,103.7802189233621
126,9 Jalan Hajijah,29.01365000000004,67.72905000000003
127,8 Dover Rise,51.15461829674543,1.3843897475154827
128,10 Kitchener Link,14.567170000000033,121.03331000000003
129,21 Mccallum Street,1.2796500000000606,103.84739000000008
130,8 Enggor Street,1.2746439786975543,103.84474155672115
131,235 Balestier Road,,
132,53 Grange Road,43.56711000000007,-80.22628999999995
133,612 Telok Blangah Road,1.2724866863677704,103.80743446005857
134,87 Flora Drive,35.585418342421335,-91.73819133305898
135,8 Kitchener Link,14.567170000000033,121.03331000000003
136,205 Balestier Road,,
137,69 Punggol Central,1.410030000000063,103.90594000000004
138,10 Lorong Ampas,1.3262135960749362,103.85353584953282
139,978 Upper Serangoon Road,,
140,520 Balestier Road,,
141,207 River Valley Road,51.14365423833564,1.276944811286641
142,1 Keppel Bay View,48.859370015030436,13.401140018087403
143,9 Newton Road,52.54562000000004,-1.9341199999999503
144,25 Claymore Road,1.3078139775003308,103.83104460492314
145,99 Robertson Quay,1.2918467034082113,103.83640642456544
146,82 Grange Road,,
147,139 Lorong K Telok Kurau,,
148,28 Leonie Hill,1.2971530348514904,103.8319560530744
149,78 Mergui Road,1.317367838377777,103.85214839310021
150,138 Cairnhill Road,57.435253440000054,-2.7583398269999293
151,373 Onan Road,1.3144100000000662,103.89840000000004
152,23 Choa Chu Kang North 6,1.3972868124941726,103.7465233373207
153,11 Lorong 39 Geylang,1.3157401146906125,103.89038319880626
154,33 Rochester Drive,43.97367950571122,-92.39517426060961
155,2 Martin Place,,
156,2 Leonie Hill Road,1.2971939385389817,103.83407332181656
157,21 Keppel Bay View,49.4942200134947,10.646250010768995
158,8 Sims Drive,60.30940000000004,5.322120000000041
159,10 Walshe Road,53.66349000000008,-6.676959999999951
160,113 Rangoon Road,1.3149560295580613,103.85355278097722
161,17 Lorong 41 Geylang,1.3156917511092985,103.89123538690211
162,3 Lorong 41 Geylang,,
163,65 Jurong West Central 3,,
164,81 Poh Huat Road,1.3668485597552973,103.87992752896616
165,6 Sinaran Drive,1.320026169917651,103.84423422533
166,511 Guillemard Road,43.887170000000026,2.3943400000000565
167,295 Ocean Drive,-29.589759999999956,31.14709000000005
168,42 Cairnhill Road,,
169,39 Pasir Panjang Hill,1.2825500000000716,103.78559000000007
170,136B Hillview Avenue,12.967800000000068,80.10269000000005
171,84 Dakota Crescent,1.3063500000000658,103.88428000000005
172,81 Jurong West Central 3,1.339790728567067,103.70495764711171
173,60 Newton Road,52.54562000000004,-1.9341199999999503
174,9 Lim Tua Tow Road,,
175,2 Kitchener Link,,
176,81 Clemenceau Avenue,1.3105000000000473,103.83948000000004
177,21 Keppel Bay Drive,49.4942200134947,10.646250010768995
178,428 River Valley Road,51.14365423833564,1.276944811286641
179,7 Bassein Road,54.70843000000008,20.504820000000052
180,396 River Valley Road,51.14365423833564,1.276944811286641
181,51 West Coast Way,37.51411244801553,-98.8296217735873
182,348 Balestier Road,,
183,5 Peck Hay Road,1.3084911933674022,103.83914085283834
184,23 Amber Road,26.951320000000067,75.84682000000004
185,6 Scotts Road,52.47646000000003,-1.89549999999997
186,5A Balmoral Road,53.387860000000046,-2.3431399999999485
187,27 West Coast Park,1.2931200000000445,103.76551000000006
188,301 Jalan Bukit Ho Swee,1.2871341878954041,103.82781891330507
189,33 Tanglin Road,3.7147600000000693,101.74417000000005
190,93 West Coast Vale,50.67561000000006,-120.32274999999998
191,8 Mount Sophia,41.114810000000034,-75.30128999999994
192,8 Walshe Road,53.66349000000008,-6.676959999999951
193,53 Irrawaddy Road,1.3254187821063255,103.84617880165865
194,63 Tampines Street 86,1.352111288676357,103.9287067132795
195,42 South Buona Vista Road,33.21228664956289,-117.24478061625446
196,60 Havelock Road,,
197,10 Boon Lay Drive,1.342640910922853,103.7121135293097
198,121 Jalan Jurong Kechil,1.3418897845861726,103.7710253055352
199,1 The Knolls,39.28232000000003,-78.35805999999997
200,99 Cairnhill Circle,57.435253440000054,-2.7583398269999293
201,Newton / Novena (D11),53.41709643807052,-6.321844579260554
202,965 Bukit Timah Road,5.4500000000000455,100.26667000000003
203,33 Club Street,1.2824700000000462,103.84633000000008
204,18 Moulmein Rise,1.3195850194057357,103.84648407057227
205,80 Mohamed Sultan Road,1.2912563659675698,103.84068915799293
206,65D Cavenagh Road,-12.462989999999934,130.84419000000003
207,88 Robertson Quay,1.2910116241881366,103.8376115571278
208,23 Claymore Road,1.3084196957333063,103.83079490802754
209,988 Upper Serangoon Road,,
210,2A Wolskel Road,1.3464344345715062,103.87128343985944
211,70 Dalvey Road,,
212,311 Upper Thomson Road,1.3502500000000737,103.83577000000008
213,1 Ridley Park,39.88119000000006,-75.32323999999994
214,1 Liang Seah Street,1.2974400000000514,103.85642000000007
215,72 Lorong M Telok Kurau,1.0666700000000446,102.25000000000006
216,38 Amber Road,26.951320000000067,75.84682000000004
217,145 Devonshire Road,26.671737000000064,-80.05891499999996
218,1 Geylang East Avenue 1,1.3157909509333763,103.8844668324499
219,21 Peck Hay Road,,
220,356 Alexandra Road,,
221,57 Tampines Street 86,,
222,16 Siglap Link,,
223,28 Cuscaden Road,1.3049135456350172,103.82682850762586
224,27 Jalan Merah Saga,3.125851264565698,101.76425939986117
225,35 Lorong Marican,-22.93288512973081,-42.79859929860975
226,19 Cairnhill Circle,57.435253440000054,-2.7583398269999293
227,187 Tanjong Rhu Road,1.2959914707094384,103.87065932334895
228,11A Nassim Road,,
229,214 Upper East Coast Road,1.3128300000000195,103.92608000000007
230,176A Orchard Road,14.583750000000066,121.05648000000008
231,9 Bedok South Avenue 3,23.188750000000027,77.43953000000005
232,10 West Coast Road,12.968920000000026,80.25759000000005
233,53 Cairnhill Road,57.435253440000054,-2.7583398269999293
234,8 Woodleigh Close,52.76561999356636,-7.35612997196435
235,7 Kim Tian Road,1.28543555330738,103.82978765472296
236,16 Spottiswoode Park Road,1.2760237237792609,103.83749221630279
237,3 Ardmore Park,-37.06911999999994,174.9434000000001
238,5 Balmoral Road,53.387860000000046,-2.3431399999999485
239,8 Cairnhill Rise,1.307567214270847,103.83960562936943
240,3 Woodlands Road,53.72807000000006,-1.6446899999999687
241,33 Lloyd Road,,
242,10 Dover Rise,51.15461829674543,1.3843897475154827
243,12 Kim Keat Road,1.3239812857117386,103.85286353707914
244,130 Cairnhill Road,57.435253440000054,-2.7583398269999293
245,76 Bayshore Road,40.73536000000007,-73.28455999999994
246,132 Serangoon Avenue 3,1.3525200000000268,103.87036000000006
247,28 Scotts Road,52.47646000000003,-1.89549999999997
248,5 Rhu Cross,41.238560000000064,-111.95826999999997
249,20 Handy Road,,
250,3 Jervois Close,,
251,5 Siglap Road,,
252,1 Fort Road,6.932161012191273,79.84677914125473
253,3 Anthony Road,1.310130000000072,103.83711000000005
254,22 Simei Rise,1.3489693735488544,103.96052162347388
255,275 Changi Road,1.3175800000000208,103.90582000000006
256,24 Verdun Road,1.3102000000000658,103.85607000000005
257,95 West Coast Drive,1.3138646638551137,103.75967102300359
258,28 Bedok North Drive,1.3243613631112368,103.92914455566984
259,East Coast / Marine Parade (D15),,
260,5 Sophia Road,42.66907112886816,23.37392851940285
261,10 Aljunied Road,1.3139900000000466,103.88197000000008
262,3 South Buona Vista Road,52.11014003591154,-106.66451002728081
263,81B Clemenceau Avenue,1.3105000000000473,103.83948000000004
264,7 Sophia Road,42.3038836451446,23.703391493022565
265,6 Geylang East Avenue 2,1.3169871323355409,103.89004188770895
266,10 Leicester Road,52.57304000000005,-1.201629999999966
267,20 Bedok Rise,1.3276765734551788,103.949805192626
268,503 Sembawang Road,-6.291859999999929,106.80343000000005
269,11 Serangoon North View,39.29541000000006,-80.35137999999995
270,134 Emerald Hill Road,40.727961400120805,-75.62540005476941
271,3 Dundee Road,42.58021003686832,-91.54585483950673
272,9 One-North Gateway,46.31713505197182,-79.46455992267678
273,28 Lorong 26 Geylang,,
274,304 Orchard Road,14.583750000000066,121.05648000000008
275,50D Faber Heights,,
276,50A Toh Tuck Road,,
277,7 Newton Road,52.54562000000004,-1.9341199999999503
278,178 Jalan Eunos,1.327813743300652,103.90625433246896
279,1 Lincoln Road,,
280,118 Kim Seng Road,,
281,8 Siglap Road,,
282,71 Wilkie Road,37.885410000000036,-79.15974999999997
283,1091 Serangoon Road,,
284,810 Geylang Road,1.3100800000000277,103.87110000000007
285,103 Hillview Rise,49.65311000000003,-103.85796999999997
286,69 Cavenagh Road,,
287,330 Pasir Panjang Road,0.8443000000000325,108.88043000000005
288,6 West Coast Road,12.968920000000026,80.25759000000005
289,17 Canberra Drive,1.4378798666586476,103.82947207606838
290,7 Mount Emily Road,46.62163975821103,-111.96258136912091
291,88 Mackenzie Road,1.304770000000076,103.84953000000007
292,2 Jurong Lake Link,1.3419400000000223,103.72639000000004
293,70 Niven Road,,
294,59 Ang Mo Kio Avenue 8,1.3703042927059812,103.84838634349796
295,67 Hume Avenue,53.48028794734403,-2.250747400558122
296,2 Jalan Mat Jambol,42.48780000000005,26.511030000000062
297,6 Alexandra View,-45.25953292667288,169.38250871772692
298,29 Yishun Central 1,1.4267720009324876,103.83608397275026
299,73 Oxley Rise,55.059090000000026,9.33278000000007
300,119 West Coast Crescent,,
301,1 Sunshine Terrace,,
302,160 Killiney Road,-37.81171999999998,144.96972000000005
303,100 Grange Road,43.56711000000007,-80.22628999999995
304,52 Faber Walk,1.3235989451983983,103.75518075365346
305,122 Tanjong Rhu Road,1.298021986753696,103.87444207625202
306,191 Tanjong Rhu Road,1.296738256372862,103.87135083036094
307,1M Pine Grove,38.41346000000004,-120.65952999999996
308,28A Jalan Lempeng,,
309,1 Bedok South Avenue 3,,
310,97 Prince Charles Crescent,,
311,138 Serangoon Avenue 3,1.3525200000000268,103.87036000000006
312,100 Holland Road,52.78782000000007,-0.14715999999992846
313,176 Jalan Jurong Kechil,1.344293235495826,103.76945471566609
314,60 Kim Keat Road,,
315,7 Chwee Chian Road,,
316,31 Boon Lay Drive,1.3426069223054782,103.71019968935764
317,3 Buckley Road,42.31683000000004,-87.90578999999997
318,18 Siglap Link,1.3076516514346672,103.92866915032532
319,90 Flora Road,,
320,3 Jalan Hajijah,29.01365000000004,67.72905000000003
321,781 Upper Changi Road East,1.3479427161384052,103.96158654427228
322,231A Pasir Panjang Road,,
323,225 Pasir Panjang Road,0.8443000000000325,108.88043000000005
324,121 Sunset Way,32.61547601903578,-90.05463404117833
325,130 Tanjong Rhu Road,1.2974165199778156,103.87216622190186
326,106 Oxley Rise,,
327,398 Kallang Road,,
328,11A Mount Sinai Lane,,
329,16 Lorong 35 Geylang,,
330,130 Hillview Avenue,,
331,32 Lincoln Road,52.58834000000007,-0.24678999999997586
332,110 Sophia Road,25.03896000000003,121.56740000000002
333,10A Mount Sophia,41.114810000000034,-75.30128999999994
334,767 Upper Serangoon Road,,
335,404 Dunearn Road,,
336,13 Fernvale Close,1.3950694219186346,103.88110501872427
337,9 Rhu Cross,41.238560000000064,-111.95826999999997
338,67 West Coast Way,37.51411244801553,-98.8296217735873
339,65 Cavenagh Road,-12.462989999999934,130.84419000000003
340,51 Cairnhill Circle,,
341,20 Upper Circular Road,1.2886400000000435,103.84837000000005
342,8 Jalan Mutiara,,
343,4 Ardmore Park,39.99657000000008,-75.29884999999996
344,7 Draycott Drive,1.3088500000000636,103.83080000000007
345,60 Fernhill Road,45.47123000000005,-123.10176999999999
346,50 Bayshore Road,40.73536000000007,-73.28455999999994
347,10 Adis Road,,
348,7 Anthony Road,1.310130000000072,103.83711000000005
349,Beach Road / Bugis / Rochor (D7),,
350,543 East Coast Road,,
351,42 Mount Vernon Road,,
352,39 Jervois Road,-35.257649999999956,139.45162000000005
353,10 Tanglin Road,3.7147600000000693,101.74417000000005
354,63 Cavenagh Road,-12.462989999999934,130.84419000000003
355,100 Oxley Rise,37.10621500000008,-113.58205499999997
356,1 Oxley Rise,1.2973100000000386,103.84320000000008
357,33 Oxley Rise,55.059090000000026,9.33278000000007
358,23 Newton Road,52.54562000000004,-1.9341199999999503
359,6 Suffolk Walk,,
360,41 Boon Teck Road,,
361,539 East Coast Road,1.3046600000000694,103.90420000000006
362,894 Upper Bukit Timah Road,1.3404100000000199,103.77221000000009
363,42 East Coast Road,1.3046600000000694,103.90420000000006
364,16 Shelford Road,,
365,17 Mount Sophia,41.114810000000034,-75.30128999999994
366,734 Upper Changi Road East,1.3453742076388409,103.96384454516874
367,60 Chestnut Avenue,52.08789000000007,-0.25981999999993377
368,Orchard / River Valley (D9),44.96958879322924,-115.48743983952419
369,17 Gambir Walk,1.344864587925784,103.87510173203196
370,80 Wilkie Road,1.3031400000000417,103.84774000000004
371,41A Bedok Ria Crescent,,
372,1 Lorong 27 Geylang,1.3139404781693287,103.88356091635467
373,14 Canberra Drive,1.4387457591661956,103.8316878321728
374,99 Prince Charles Crescent,,
375,808 Thomson Road,22.277480000000025,114.17496000000006
376,28 Bukit Batok East Avenue 2,1.3519734476469267,103.7578132579838
377,8 Sin Ming Road,,
378,336 River Valley Road,,
379,101 West Coast Vale,50.67561000000006,-120.32274999999998
380,150 Prince Charles Crescent,,
381,10 Meyappa Chettiar Road,,
382,1 Lorong 5 Toa Payoh,1.3344800000000419,103.85108000000008
383,46 Marine Parade Road,1.2995580962391386,103.90152392159285
384,90 Saint Francis Road,35.68625000000003,-105.94008999999994
385,3 Meyer Place,1.2986300000000597,103.88651000000004
386,226 Jalan Eunos,1.32749439278966,103.9062451961945
387,10 Sims Drive,60.30940000000004,5.322120000000041
388,180B Bencoolen Street,1.300047342628928,103.85130184964511
389,119D Emerald Hill Road,40.727961400120805,-75.62540005476941
390,576 Upper East Coast Road,1.3128300000000195,103.92608000000007
391,25 Simei Street 3,,
392,6 Buckley Road,,
393,95 Prince Charles Crescent,46.308248986453,-63.76340286916063
394,308 Telok Kurau Road,,
395,65 Devonshire Road,,
396,3 Chwee Chian Road,,
397,12 Meyappa Chettiar Road,1.3309250392283942,103.8676230480909
398,38 Draycott Drive,1.309632976217955,103.8306884578572
399,3 Suffolk Road,40.853367722786736,-72.44441292775011
400,131 Serangoon Avenue 3,,
401,145 Serangoon Avenue 3,1.3525200000000268,103.87036000000006
402,2 Ford Avenue,37.761125046649795,-100.00428319016666
403,39 Marine Parade,,
404,1 Claymore Drive,,
405,21 Tampines Street 86,,
406,2 Fifth Avenue,,
407,93 Tampines Avenue 1,,
408,112 Oxley Rise,41.4553503853735,-93.13457995333457
409,21 Lorong 28 Geylang,,
410,218 Pasir Panjang Road,,
411,86 Tanah Merah Kechil Avenue,1.3284415478484846,103.94634958540382
412,6 Tanah Merah Kechil Link,-27.684797828476682,153.17943493788562
413,408 River Valley Road,51.14365423833564,1.276944811286641
414,1F Pine Grove,38.41346000000004,-120.65952999999996
415,400 River Valley Road,51.14365423833564,1.276944811286641
416,238 Orchard Boulevard,,
417,5A Shenton Way,52.59977683500006,-1.4155915509999772
418,10 Bedok Rise,1.3270811649631185,103.94777232964884
419,2 Akyab Road,1.3224429131124396,103.84817553863309
420,6 Saint Martin's Drive,51.26834744048902,1.0910477084931969
421,21 Marina Way,-35.04148495618323,138.51330507943095
422,34 Bayshore Road,40.73536000000007,-73.28455999999994
423,80 Grange Road,43.56711000000007,-80.22628999999995
424,298 Beach Road,11.923890000000029,79.83346000000006
425,30 Keppel Bay Drive,50.05326001441725,9.067870000874564
426,12 West Coast Road,12.968920000000026,80.25759000000005
427,172 Jalan Jurong Kechil,1.3447230594906614,103.76962218609157
428,2 Mistri Road,1.2742635660219293,103.84600680500546
429,70 Dakota Crescent,,
430,233 Upper Paya Lebar Road,,
431,1 Simei Street 4,53.79735000000005,-1.7584599999999568
432,23 Jalan Rajah,34.79639000000003,70.33083000000005
433,1 Leedon Heights,41.03717000000006,-111.92410999999998
434,608 Telok Blangah Road,1.2716406170612373,103.8076378888486
435,2 Whampoa East,,
436,18 Tanah Merah Kechil Link,,
437,8 Jelebu Road,1.3786165422660446,103.76261550177009
438,114 Oxley Rise,55.059090000000026,9.33278000000007
439,8 Lorong 26 Geylang,1.312445062823798,103.88457646774339
440,70 Lorong M Telok Kurau,1.0666700000000446,102.25000000000006
441,62 Havelock Road,40.853810023064696,-96.63581935483596
442,Tanglin / Holland (D10),53.34063538600003,-6.354218456999945
443,76 Lorong M Telok Kurau,1.0666700000000446,102.25000000000006
444,57 Grange Road,43.56711000000007,-80.22628999999995
445,87 Pasir Panjang Hill,1.2825500000000716,103.78559000000007
446,30 Mount Sophia,41.114810000000034,-75.30128999999994
447,5 Cuscaden Walk,50.44572000000005,6.102460000000065
448,33 Keppel Bay View,,
449,26 Choa Chu Kang Street 64,,
450,55 Siglap Road,,
451,26 Sea Avenue,,
452,11 Bedok South Avenue 3,,
453,26 Bedok North Drive,,
454,53 Jurong East Avenue 1,1.3440530520603318,103.73336006129784
455,11B Nassim Road,,
456,31 Tan Kim Cheng Road,1.321039866339902,103.8117342087495
457,551 East Coast Road,1.3046600000000694,103.90420000000006
458,68 Stevens Road,37.35031094079943,-101.06799355364694
459,45 Amber Road,26.951320000000067,75.84682000000004
460,38 Dover Rise,51.15461829674543,1.3843897475154827
461,57 Pasir Ris Drive 1,1.3736291841481005,103.9414596669103
462,7 Serangoon North View,39.29541000000006,-80.35137999999995
463,20 Lincoln Road,52.58834000000007,-0.24678999999997586
464,255 Arcadia Road,37.75739016182495,-94.64013975501877
465,33 Simei Street 4,1.3418678047001196,103.95609900039483
466,2 Cactus Road,54.176420000000064,45.18661000000003
467,11B Mount Sinai Lane,1.3154843828247351,103.78452286300461
468,1 Keppel Bay Drive,48.859370015030436,13.401140018087403
469,127 Lorong L Telok Kurau,1.0666700000000446,102.25000000000006
470,99 Sophia Road,-32.88238999999993,-68.84392999999994
471,1 Balmoral Crescent,1.3158159290048417,103.8339667878272
472,22 Lorong Puntong,1.3605767587947497,103.83131793878567
473,1 Duchess Road,,
474,139 Tyrwhitt Road,1.3115820620728584,103.8599444012437
475,12 Devonshire Road,,
476,10 Lorong Limau,4.826100044802807,100.69876007768269
477,36 Ah Hood Road,1.3284728123473286,103.84835859939847
478,75 Yishun Avenue 11,1.4244784188570776,103.84796213537828
479,6 Tanjong Rhu Road,1.298322352253976,103.88450103061484
480,90 Robertson Quay,1.2908341275951045,103.8372803217905
481,5 Shenton Way,41.29335692514571,-73.0691898457389
482,8 Paterson Hill,59.293690000000026,-99.65684999999996
483,4 Meyappa Chettiar Road,1.3309250392283942,103.8676230480909
484,5 Mount Emily Road,46.62163975821103,-111.96258136912091
485,122 Race Course Road,31.65202000000005,74.88089000000008
486,162 Haig Road,1.3063400000000343,103.89877000000007
487,533 Bedok Reservoir Road,1.342610000000036,103.92539000000005
488,93 Pasir Ris Grove,1.3709201949513101,103.94389821400114
489,4 Kitchener Link,14.567170000000033,121.03331000000003
490,191 Meyer Road,,
491,9 Tan Quee Lan Street,,
492,20 Craig Road,,
493,16 Jalan Novena Barat,,
494,4B Liang Seah Street,1.2974400000000514,103.85642000000007
495,3 Fraser Street,53.409980000000076,-2.9765199999999368
496,160 Haig Road,,
497,3A Ontario Avenue,42.890250034579196,-78.93063491160545
498,1177 Serangoon Road,,
499,61 Lorong Sarhad,1.280368860475889,103.78899226141579
500,23 Hillview Avenue,12.967800000000068,80.10269000000005
501,331 River Valley Road,51.14365423833564,1.276944811286641
502,132 Tanjong Rhu Road,1.2975516362569977,103.87060199113125
503,1 Zion Close,,
504,32 Choa Chu Kang Street 64,1.398082883748259,103.751312421519
505,100 Jervois Road,-35.257649999999956,139.45162000000005
506,21 Leonie Hill,51.36938760262401,1.1140542092929855
507,70 Saint Patrick's Road,,
508,13 Cove Drive,,
509,83 Yishun Street 81,,
510,4 Sinaran Drive,1.3192963885698958,103.84548385806636
511,8 Farrer Road,43.657423552320225,-97.78042993655933
512,31 Simei Rise,1.349837990174919,103.96140046602181
513,130 Serangoon Avenue 3,1.3525200000000268,103.87036000000006
514,1 Opal Crescent,1.327512455791009,103.86729189374825
515,118 Killiney Road,1.2979700000000207,103.83841000000007
516,17 Fernvale Lane,44.108926099497545,-123.1340644891227
517,109 Petir Road,,
518,47B Edgefield Plains,1.401133435499446,103.90807261872482
519,81 West Coast Crescent,1.298083048918329,103.76431442972472
520,1 Sin Ming Walk,1.3647702474669394,103.83211144162736
521,22 Bayshore Road,40.73536000000007,-73.28455999999994
522,78 Tanah Merah Kechil Avenue,1.3280525856316387,103.94689809714765
523,3 Paya Lebar Crescent,34.232973200234234,-118.25740908167037
524,9 Still Road,36.83600700000005,-76.30119399999995
525,33 Mackenzie Road,1.304770000000076,103.84953000000007
526,9 Sophia Road,-32.88238999999993,-68.84392999999994
527,15 Mount Emily Road,46.62163975821103,-111.96258136912091
528,22 Canberra Drive,1.4451860706598507,103.82598589511878
529,16 Stirling Road,56.06626000000006,-4.4509499999999775
530,402 Orchard Road,14.583750000000066,121.05648000000008
531,335 East Coast Road,1.3046600000000694,103.90420000000006
532,3 Amber Gardens,22.26457010000007,114.18844230000002
533,18 Evelyn Road,38.938420000000065,-81.34428999999994
534,136 Tanjong Rhu Road,1.2980837613800986,103.87103131221187
535,50 Tanah Merah Kechil Avenue,1.3297420839451917,103.94567039978955
536,369 Holland Road,52.78782000000007,-0.14715999999992846
537,7 West Coast Walk,12.968920000000026,80.25759000000005
538,16 Bedok North Drive,1.324987784645046,103.92861238863719
539,1 Kim Tian Road,1.2840138987098015,103.82975664168117
540,139 Pasir Ris Grove,1.3685736811573435,103.94557115805594
541,26 Jalan Lempeng,,
542,201 Tanjong Rhu Road,,
543,1 Lorong 41 Geylang,,
544,13 Lorong 41 Geylang,,
545,29 Lorong 41 Geylang,,
546,28 Alexandra View,31.230680000000064,29.94781000000006
547,3 Bideford Road,,
548,1 Simei Street 3,,
549,55 Cairnhill Road,57.435253440000054,-2.7583398269999293
550,50 Lorong 40 Geylang,1.3121920131669356,103.88946470985627
551,11 Kee Seng Street,1.2749381415894874,103.84217929273944
552,2 Meyappa Chettiar Road,1.3309250392283942,103.8676230480909
553,175B Bencoolen Street,1.300047342628928,103.85130184964511
554,549 East Coast Road,1.3046600000000694,103.90420000000006
555,11 Orchard Turn,1.303026988777816,103.8330485503343
556,1A Surrey Road,49.00474780556173,-122.74177433300612
557,33 Tan Kim Cheng Road,1.3209051272463483,103.81162859676948
558,80 Lorong M Telok Kurau,,
559,32 Lorong Mydin,,
560,1 North Bridge Road,53.52906000000007,-1.1450899999999251
561,1 Youngberg Terrace,1.3393558754303285,103.86979389184609
562,28 Race Course Lane,1.3097000000000207,103.85299000000003
563,23A Pasir Panjang Close,1.2919672284913244,103.77213393336858
564,66 Flora Drive,,
565,24 Bukit Batok Street 52,1.355158528944088,103.7524049187789
566,2 Geylang East Avenue 2,1.3170311373272057,103.89049962344137
567,1 Dundee Road,42.5784890733505,-91.54667500985849
568,70 Elias Road,,
569,780 Upper Serangoon Road,,
570,83 Clemenceau Avenue,,
571,75 Jalan Loyang Besar,3.709600000000023,98.68590000000006
572,9 Jalan Membina,1.2844940141236805,103.82779904819455
573,8 Minbu Road,,
574,10 Alexandra View,-45.25953292667288,169.38250871772692
575,112 Holland Road,52.78782000000007,-0.14715999999992846
576,10 Jurong Lake Link,1.3419400000000223,103.72639000000004
577,71 Oxley Rise,,
578,29A Toh Tuck Road,,
579,63 Bishan Street 21,1.3494764367814582,103.8470381143722
580,43 Hume Avenue,53.48028794734403,-2.250747400558122
581,302 Beach Road,,
582,Chinatown / Tanjong Pagar (D2),1.2788900000000467,103.84539000000007
583,31 Lorong Chuan,,
584,1 Devonshire Road,26.671737000000064,-80.05891499999996
585,467 River Valley Road,51.14365423833564,1.276944811286641
586,937 Bukit Timah Road,5.4500000000000455,100.26667000000003
587,71 Punggol Central,1.410030000000063,103.90594000000004
588,499 Yio Chu Kang Road,1.3879700000000526,103.86879000000005
589,12 Keppel Bay Drive,48.86013000219134,13.399370011593845
590,18 Spottiswoode Park Road,1.2755283113920797,103.83744200870274
591,30 Shelford Road,52.974000000000046,-1.0166599999999448
592,113 West Coast Crescent,29.477869870346268,-81.56542318560034
593,68 Jalan Jurong Kechil,1.3405484945236452,103.77364902001511
594,8 Alexandra View,-45.25953292667288,169.38250871772692
595,21 Claymore Road,1.3079748681317938,103.83032543763068
596,28 Yan Kit Road,1.2744400000000269,103.84147000000007
597,27 Kampong Eunos,1.3208300000000577,103.91778000000005
598,3 Balmoral Road,53.387860000000046,-2.3431399999999485
599,201 Pearl's Hill Terrace,1.2834100000000603,103.84148000000005
600,33 Fort Road,6.932161012191273,79.84677914125473
601,35 Simei Street 3,53.79735000000005,-1.7584599999999568
602,1 Saint Michael'S Road,53.37751000000003,-2.948789999999974
603,14 Balmoral Park,44.23821000000004,-76.60441999999995
604,1 Khiang Guan Avenue,1.3171086280220692,103.84274305954705
605,18 Nassim Hill,1.30653997012719,103.8228609337578
606,36 Chay Yan Street,,
607,31B West Coast Park,-33.01593996724856,18.99386074970686
608,180 Depot Road,51.616250000000036,-3.7577499999999304
609,35 Jurong East Avenue 1,1.3437774550839237,103.73400798241329
610,89 Joo Chiat Place,-3.377149999999972,29.37176000000005
611,38 Shanghai Road,,
612,88 Jellicoe Road,,
613,11 Lorong 41 Geylang,1.3155559642778485,103.89126053261162
614,3 Robin Drive,-28.071580882445865,153.42043715588662
615,83 Rosewood Drive,,
616,62 Trevose Crescent,,
617,50 Newton Road,,
618,90 Jellicoe Road,,
619,212 Loyang Avenue,1.3669064367967252,103.97069884649045
620,10 Lorong 31 Geylang,,
621,10 Tampines Street 73,,
622,494 Upper East Coast Road,,
623,75 Sinaran Drive,,
624,2 Jalan Merlimau,,
625,2 Gateway Drive,,
626,166 Everitt Road,47.91974504847067,-122.21396990689169
627,188 Race Course Road,31.65202000000005,74.88089000000008
628,473 River Valley Road,51.14365423833564,1.276944811286641
629,343 Guillemard Road,,
630,37 Yishun Central 1,1.4283068950419846,103.83682443007677
631,13 Kovan Road,,
632,29A Hillview Avenue,12.967800000000068,80.10269000000005
633,80 Upper Serangoon View,1.375781573064529,103.90419615614422
634,366 Upper East Coast Road,1.3128300000000195,103.92608000000007
635,7 Geylang East Avenue 1,1.3172149943733586,103.88466892013543
636,128 Koon Seng Road,-7.229399999999941,107.78210000000007
637,201 Ocean Drive,-29.589759999999956,31.14709000000005
638,83 Devonshire Road,42.17212960453431,-87.97651083216469
639,19 Mount Sophia,41.114810000000034,-75.30128999999994
640,56 Eng Hoon Street,,
641,55 Jalan Bunga Rampai,1.339257935175682,103.88278435815678
642,3 Pine Grove,40.559565045665735,-76.38316993433199
643,Eunos / Geylang / Paya Lebar (D14),53.29810648800003,-6.257770464999965
644,44 Keppel Bay Drive,49.3552700194322,11.276929970493967
645,72 Holland Road,52.78782000000007,-0.14715999999992846
646,5A Woodlands Road,53.72807000000006,-1.6446899999999687
647,11 Fernvale Close,,
648,1 Essex Road,,
649,2 Pasir Ris Link,1.377279880166654,103.96099813466935
650,1 Pheng Geck Avenue,1.3299511705199052,103.86917606176303
651,60 Flora Drive,47.96251005810913,-99.2972298784694
652,66 Havelock Road,,
653,103 West Coast Vale,,
654,7 Tong Watt Road,,
655,20 Oxford Road,53.47399000000007,-2.241739999999936
656,11 King Albert Park,1.3344400000000292,103.77972000000005
657,11 Sophia Road,-32.88238999999993,-68.84392999999994
658,37 Amber Road,26.951320000000067,75.84682000000004
659,9 Wilkie Terrace,55.18567000000007,-1.5096899999999778
660,2 Taman Serasi,,
661,296 Beach Road,11.923890000000029,79.83346000000006
662,11 Nassim Road,,
663,115 Pasir Ris Grove,1.36972154088771,103.94497394745468
664,17 Evelyn Road,38.938420000000065,-81.34428999999994
665,Clementi Park / Upper Bukit Timah (D21),,
666,833 Mountbatten Road,47.716810000000066,-83.04977999999994
667,65A Cavenagh Road,-12.462989999999934,130.84419000000003
668,5 River Valley Close,51.14365423833564,1.276944811286641
669,124 Tanjong Rhu Road,1.2974307692132072,103.87422238656984
670,1 Woodlands Drive 72,51.47392001537324,-0.34955000521128454
671,26 Newton Road,52.54562000000004,-1.9341199999999503
672,66 Telok Blangah Road,1.266185884022235,103.82274467676075
673,11 Tong Watt Road,,
674,6 Eu Tong Sen Street,,
675,8 Nassim Hill,1.3058000000000334,103.82360000000006
676,4A Wolskel Road,1.3469791861962253,103.86965436765661
677,13 Fernvale Lane,44.10892632125806,-123.13401090880022
678,732 Upper Changi Road East,1.3461413194174554,103.96341338006937
679,295 Bedok South Avenue 3,1.322263917570126,103.94468083230066
680,9 Sengkang East Avenue,1.3805919892064225,103.90255095618897
681,59 Meyer Road,,
682,33 Simei Street 3,,
683,42 Kovan Rise,1.3626757130784313,103.88543343352404
684,41 Jurong East Avenue 1,1.3425268751301473,103.73453579085623
685,241 Pasir Panjang Road,0.8443000000000325,108.88043000000005
686,10 Whampoa East,1.321471576262951,103.86436283768359
687,223 Upper Paya Lebar Road,,
688,41 Newton Road,,
689,712 Upper Changi Road East,,
690,84D Lorong M Telok Kurau,,
691,1006 Upper Serangoon Road,,
692,19 Toh Tuck Road,,
693,23 Mount Sophia,,
694,15 Jalan Rajawali,,
695,93 Prince Charles Crescent,,
696,21 Fernvale Close,,
697,90 Holland Road,,
698,1 Kovan Road,35.35064539000007,136.85378126000012
699,213 Bedok South Avenue 3,1.3238638971577643,103.9453358780338
700,60 Lakeside Drive,,
701,Macpherson / Potong Pasir (D13),,
702,12 Eu Tong Sen Street,47.82591388635655,16.57186173232366
703,19 Jalan Jintan,31.216660000000047,107.31522000000007
704,152 Prince Charles Crescent,1.2919974519368225,103.81788065834803
705,31 Tomlinson Road,-67.24999999999994,51.18333000000007
706,510 East Coast Road,,
707,115 Tampines Road,,
708,3 Lorong 5 Toa Payoh,,
709,82 Punggol Central,1.410030000000063,103.90594000000004
710,16 Shan Road,51.72503000000006,-2.5306999999999675
711,21 Angullia Park,,
712,23 Tampines Avenue 8,1.3499587314901618,103.92867298979718
713,240 Lorong Chuan,4.494150000000047,101.01013000000006
714,12 Stirling Road,,
715,2 Leedon Road,52.23730000000006,-0.931199999999933
716,354 Alexandra Road,51.20420000000007,-3.4750699999999597
717,49 Hindhede Walk,1.3481968554426942,103.77148883592872
718,38A Jervois Road,,
719,17 Fernhill Crescent,51.16283578749531,-0.16423572234636497
720,21 Pasir Ris Grove,,
721,12 Lorong Limau,,
722,158 Mariam Way,,
723,48 Marine Parade Road,1.3066755428158583,103.9146982774336
724,50 Choa Chu Kang North 7,,
725,11 Mount Sophia,,
726,8 Ridgewood Close,,
727,81 Cavenagh Road,-12.462989999999934,130.84419000000003
728,2 Sinaran Drive,,
729,46A Toh Tuck Road,,
730,7500A Beach Road,11.923890000000029,79.83346000000006
731,121 Joo Chiat Place,-3.377149999999972,29.37176000000005
732,308 River Valley Road,,
733,101 Prince Charles Crescent,,
734,43 Bright Hill Drive,,
735,5A Kovan Road,,
736,11 Lincoln Road,52.58834000000007,-0.24678999999997586
737,61 Bright Hill Drive,1.3595684996617763,103.83281109101733
738,6 Hullet Road,,
739,18 Bedok Rise,,
740,51 Tampines Central 7,1.3504800000000614,103.93626000000006
741,9A Yuan Ching Road,,
742,140 Upper Bukit Timah Road,,
743,66 Chestnut Avenue,,
744,130 Cantonment Road,1.2758957740272905,103.84058522239354
745,221 Pasir Panjang Road,,
746,3 Bishan Street 15,,
747,9 Bishan Street 15,25.108120000000042,121.84340000000009
748,114 Kim Seng Road,1.2939415924688547,103.83309104658343
749,17 Jalan Masjid,-7.189239999999927,109.06982000000005
750,10 Jelebu Road,1.3784292067300612,103.76342712145458
751,5000C Marine Parade Road,1.308507412350039,103.93044224191942
752,113 Joo Chiat Place,-3.377149999999972,29.37176000000005
753,230 Commonwealth Avenue,-35.29442999999998,149.12680000000012
754,45 Toh Tuck Road,,
755,16 Balmoral Road,53.387860000000046,-2.3431399999999485
756,13 Tanjong Katong Road,,
757,39 Lorong 32 Geylang,,
758,3 Rodyk Street,1.2903679261404903,103.83801558233705
759,1 Ford Avenue,37.761125046649795,-100.00428319016666
760,78 Farrer Road,,
761,18 Leonie Hill Road,1.2981244555200107,103.83406644865596
762,12 Flora Road,38.67872431940144,-88.50537987877199
763,2 Shanghai Road,40.768317000000025,-73.95841999999993
764,340 Geylang Road,1.3100800000000277,103.87110000000007
765,10 Draycott Park,,
766,204 Depot Road,,
767,6 Mount Sophia,,
768,216 Joo Chiat Road,1.3108000000000288,103.90138000000007
769,80 Dakota Crescent,1.3063500000000658,103.88428000000005
770,9 Serangoon North View,39.29541000000006,-80.35137999999995
771,100 Wishart Road,1.2703502649768978,103.81396731539348
772,31 Tanglin Road,3.7147600000000693,101.74417000000005
773,2 Hillview Rise,39.448909618900935,-90.53434541457703
774,17 Cairnhill Circle,57.435253440000054,-2.7583398269999293
775,37 Orange Grove Road,41.33582728572294,-73.9797320932046
776,12 Bedok Reservoir View,1.337400922243205,103.93469857235192
777,38 Trevose Crescent,1.3221808529096535,103.82355076438915
778,370A Alexandra Road,,
779,802 Thomson Road,,
780,261 Bukit Timah Road,,
781,16 Anderson Road,,
782,12 Leedon Heights,,
783,26 Paterson Road,,
784,18 Anderson Road,,
785,7 Bedok South Avenue 3,,
786,101 Upper Cross Street,52.341495122000026,1.202671442000053
787,12 Sims Drive,60.30940000000004,5.322120000000041
788,9 Geylang East Avenue 1,1.3172278186852253,103.8850159309269
789,8 Saint Martin's Drive,51.26834744048902,1.0910477084931969
790,33 Cairnhill Circle,57.435253440000054,-2.7583398269999293
791,31 Nathan Road,22.312425183834932,114.17049745942177
792,8 Saint Thomas Walk,1.2963600000000497,103.83617000000004
793,27 Fernvale Road,-32.04577997887776,115.92427010458164
794,331 New Bridge Road,51.54260000000005,-3.3730999999999653
795,7 Bishan Street 15,25.108120000000042,121.84340000000009
796,813 Upper Serangoon Road,,
797,626 Upper Thomson Road,1.3502500000000737,103.83577000000008
798,27 Claymore Road,1.30927972090862,103.83152321159446
799,50 Ewe Boon Road,1.3173566066275129,103.82915163590997
800,Balestier / Toa Payoh (D12),1.3186725041420257,103.85471363666701
801,206 Upper East Coast Road,1.3128300000000195,103.92608000000007
802,987 Bukit Timah Road,5.4500000000000455,100.26667000000003
803,3 Rhu Cross,41.238560000000064,-111.95826999999997
804,5 Rodyk Street,,
805,345 Pasir Panjang Road,0.8443000000000325,108.88043000000005
806,105 Prince Charles Crescent,1.2928192137241439,103.81929317667118
807,126 Koon Seng Road,-7.229399999999941,107.78210000000007
808,8 Cairnhill Circle,57.435253440000054,-2.7583398269999293
809,208 Depot Road,,
810,5000J Marine Parade Road,,
811,700 Lorong 1 Toa Payoh,,
812,16A West Coast Road,,
813,6 Simon Lane,,
814,1 Jervois Close,,
815,Bedok / Upper East Coast (D16),,
816,12 Nassim Road,29.319359671214904,47.67296665858792
817,11 Keng Cheow Street,1.2882452091613033,103.84392490789475
818,28 Jalan Lempeng,1.3182137400462324,103.76190262090506
819,12B Hougang Street 11,47.409560000000056,40.03931000000006
820,27 Miltonia Close,-34.77929999999998,-58.38063999999997
821,15 Tanjong Katong Road,1.3000000000000682,103.90000000000003
822,451 Upper East Coast Road,1.3128300000000195,103.92608000000007
823,10 Cactus Drive,41.443212000000074,-90.57171399999999
824,1 Serangoon Avenue 2,1.3538900000000353,103.86761000000007
825,1 Mcnally Street,1.3028250268207984,103.85160030045154
826,150 Thomson Road,22.277480000000025,114.17496000000006
827,900 Dunearn Road,,
828,122 Owen Road,,
829,1 Amber Gardens,22.26457010000007,114.18844230000002
830,2 Suffolk Walk,40.98215581583553,-72.63115298024921
831,97 Jalan Sendudok,1.4428170171765657,103.82473764187876
832,13 Suffolk Road,40.853367722786736,-72.44441292775011
833,16 Pasir Ris Link,1.3786034664970828,103.96165846100155
834,1 Bishan Street 15,22.853830000000073,120.26102000000003
835,31 Kim Keat Lane,,
836,38 Lorong Marzuki,,
837,2 Indus Road,34.61083000000008,72.77889000000005
838,13 Keppel Bay Drive,48.85968999418415,13.39894999442572
839,72 Punggol Walk,1.4046977140962582,103.89989892202425
840,78 Stevens Road,37.35031094079943,-101.06799355364694
841,32 Nassim Hill,1.309374226866936,103.81975267260322
842,118 Lorong H Telok Kurau,1.0666700000000446,102.25000000000006
843,30 Dover Rise,51.15461829674543,1.3843897475154827
844,10 Mount Sophia,41.114810000000034,-75.30128999999994
845,95 Rosewood Drive,31.289840000000027,75.54289000000006
846,5 Draycott Drive,,
847,31 Bishan Street 11,,
848,70 Cashew Road,35.06222800000006,-85.30772199999996
849,33 Pheng Geck Avenue,1.3308676478131076,103.8694623037565
850,339 Pasir Panjang Road,,
851,8 Lorong 7 Geylang,,
852,96 Lorong H Telok Kurau,,
853,283 Ocean Drive,,
854,4 Cairnhill Rise,,
855,88 Punggol Central,,
856,62 Somme Road,,
857,142 Hillview Avenue,12.967800000000068,80.10269000000005
858,35 Tampines Street 34,1.3556730939800303,103.95894096417305
859,34 Jalan Novena,1.3258520845909914,103.86495351040037
860,5 Robin Drive,51.22366497363451,-101.35557529685896
861,9 Oxley Garden,1.2978200000000584,103.84271000000007
862,20 Simei Street 1,53.79735000000005,-1.7584599999999568
863,11 Jervois Close,1.2927346709797234,103.82435918868744
864,11 Fernvale Lane,44.10892643213832,-123.13398411863898
865,91 Kellock Road,1.2938786862855238,103.83020742043396
866,95 Grange Road,43.56711000000007,-80.22628999999995
867,1 Foo Kim Lin Road,1.328950203642691,103.9066755231035
868,93 Kovan Road,,
869,30 Bayshore Road,40.73536000000007,-73.28455999999994
870,68 Wilkie Road,37.885410000000036,-79.15974999999997
871,6 Claymore Hill,1.3068082748478247,103.83162211805194
872,42 Dakota Crescent,,
873,201 Jalan Pelikat,1.355510526967933,103.88858871715541
874,147 Pasir Ris Grove,1.3691126375315292,103.94514225607048
875,6 Draycott Park,-31.872729999999933,115.77514000000008
876,11 Arnasalam Chetty Road,1.2919042451735123,103.83891353562422
877,31 Boon Teck Road,1.3274069695395383,103.84993674412834
878,71 Holland Road,52.78782000000007,-0.14715999999992846
879,9 Leonie Hill,55.95476228500007,-3.3301860179999494
880,346D Pasir Panjang Road,0.8443000000000325,108.88043000000005
881,2B Simon Lane,41.75098585539336,-81.19889118204084
882,38 Lorong 25A Geylang,1.315520000000049,103.88311000000004
883,40 Keppel Bay Drive,49.355069985312895,11.276880014351036
884,15 Leonie Hill Road,1.2982906686599733,103.83337762385298
885,202 Upper East Coast Road,1.3128300000000195,103.92608000000007
886,23 Keppel Bay View,,
887,21 Fernvale Road,-27.454569999999933,152.6510300000001
888,18 Buckley Road,42.31683000000004,-87.90578999999997
889,371 Holland Road,52.78782000000007,-0.14715999999992846
890,12 Cairnhill Rise,1.3085129444061323,103.83868211127754
891,25 Amber Road,,
892,27 Holland Hill,,
893,7 Holland Hill,,
894,21 Lorong Lew Lian,,
895,33 Orange Grove Road,,
896,35 Pasir Ris Drive 3,,
897,1 Jalan Dusun,,
898,3 West Coast Walk,12.968920000000026,80.25759000000005
899,380 Changi Road,,
900,103 Prince Charles Crescent,1.2927547149792105,103.81985593765035
901,590 Yishun Ring Road,,
902,568 Macpherson Road,-82.48332999999997,155.83333000000005
903,21 Elias Road,,
904,147 Killiney Road,-37.81171999999998,144.96972000000005
905,34 Lorong Mydin,1.3191300000000297,103.91174000000007
906,17 Ewe Boon Road,1.3162781909649652,103.83103194824935
907,6 Ah Hood Road,1.32724243278021,103.84513341069459
908,Alexandra / Commonwealth (D3),38.831687304142605,-77.05931822801254
909,35 Tan Kim Cheng Road,1.3207728189047288,103.81151024429664
910,5 Lorong 39 Geylang,1.315541086399719,103.89045830065874
911,21 Jalan Raja Udang,1.3281265140176401,103.84235187612586
912,37 Jurong East Avenue 1,1.3435380679292308,103.73464953328232
913,9 Sengkang Square,1.391350622936784,103.89599672700092
914,60 Robertson Quay,1.2900833186181586,103.83919919088447
915,28 Lorong Mydin,1.3191300000000297,103.91174000000007
916,218 Westwood Avenue,51.088618724489606,-1.8496291537349352
917,8 Adis Road,,
918,18 Holland Hill,31.964557419612348,-97.37847866636545
919,16 Simei Street 1,53.79735000000005,-1.7584599999999568
920,1 Hullet Road,1.3031500000000733,103.83902000000006
921,70 Lim Ah Woo Road,1.3125197036715832,103.89176017785991
922,25 Anderson Road,46.866130000000055,-67.49694999999997
923,252 Pasir Panjang Road,0.8443000000000325,108.88043000000005
924,92 Robertson Quay,1.2910116241881366,103.8376115571278
925,11 Sea Avenue,,
926,137 Sunset Way,32.6171809819607,-90.05420798903992
927,2 Walshe Road,49.947716056348305,-110.04761328660172
928,2 Lincoln Road,52.58834000000007,-0.24678999999997586
929,83 Paterson Road,28.100400000000036,-82.61359999999996
930,26 Bukit Batok Street 52,1.3549513702071039,103.75267213385212
931,61 Meyer Road,,
932,8 Jurong Lake Link,1.3419400000000223,103.72639000000004
933,352 Balestier Road,,
934,517 Bedok Reservoir Road,,
935,6 Gateway Drive,,
936,5 Anthony Road,1.310130000000072,103.83711000000005
937,12B Cairnhill Rise,1.3090013579041653,103.83828883238056
938,3 Woodgrove Drive,1.4287187817640188,103.78137864348543
939,3 Foo Kim Lin Road,1.3288679771725356,103.90718363407404
940,1 Oxley Garden,1.2978200000000584,103.84271000000007
941,2 Bedok Rise,1.3271331327627962,103.94893104394384
942,14 Adis Road,,
943,27 Leonie Hill,51.369189021694716,1.1139045499045752
944,5 Keppel Bay View,48.859359998656146,13.400439961534204
945,7 Siglap Road,,
946,10 Anson Road,52.76652000000007,-1.3024399999999332
947,1 Leicester Road,52.57304000000005,-1.201629999999966
948,9 Thomson Lane,44.06475778452852,-123.11724082692453
949,6 Jalan Tua Kong,1.3136308925755458,103.92610293064553
950,17 Keppel Bay Drive,49.461890007118654,11.114290035848654
951,8A Tanjong Rhu Road,1.2988682656077941,103.88384749362422
952,1 Rodyk Street,1.2909324892288652,103.83831531919458
953,2 Kim Seng Walk,47.778760000000034,10.616910000000075
954,45 Kovan Road,,
955,12 Amber Gardens,22.26457010000007,114.18844230000002
956,39 Amber Gardens,22.26457010000007,114.18844230000002
957,38 Lorong 30 Geylang,1.3120050129070933,103.88594933966453
958,3 Leedon Heights,41.03717000000006,-111.92410999999998
959,21 Lorong 30 Geylang,1.3128507888470011,103.88649759995121
960,31 Pasir Ris Link,1.3765516604187695,103.95939744261995
961,40 Eng Hoon Street,52.877218785575764,-1.657809877702039
962,61 Fernhill Road,45.47123000000005,-123.10176999999999
963,2 Bishan Street 25,25.108120000000042,121.84340000000009
964,19 Queen's Road,54.86457000000007,-1.8435699999999429
965,25 Nathan Road,22.312425183834932,114.17049745942177
966,83 Pasir Ris Grove,1.3714376936533625,103.94445502382911
967,88 Tanah Merah Kechil Avenue,1.3286242314281935,103.9465961809953
968,20 Cuscaden Road,1.3044032972792223,103.8260165526653
969,345 Geylang Road,1.3100800000000277,103.87110000000007
970,6 Bedok Rise,,
971,169 Jalan Jurong Kechil,1.3451101776888237,103.76805141743648
972,38 Kinta Road,1.310130000000072,103.85337000000004
973,78 Yong Siak Street,1.2825600000000463,103.83110000000005
974,9 Devonshire Road,26.671737000000064,-80.05891499999996
975,78 West Coast Road,12.968920000000026,80.25759000000005
976,991 Bukit Timah Road,,
977,33 West Coast Park,,
978,2 Dublin Road,52.86470000000003,-8.188509999999951
979,175 Bencoolen Street,1.3022115553273892,103.85249649353909
980,18 Clementi Avenue 1,1.3089716990733735,103.76785199454716
981,224 Westwood Avenue,51.088618724489606,-1.8496291537349352
982,23 Saint Patrick'S Road,-17.876479999999958,31.090280000000064
983,55 Tiong Bahru Road,1.2844139669483638,103.8341355155381
984,28 Pegu Road,,
985,1 Chatsworth Road,52.07105000000007,-2.739849999999933
986,37 Jalan Sempadan,1.311384416795974,103.92723733742127
987,116 Kim Seng Road,1.2941568816519151,103.83281293503603
988,9 Tanjong Rhu Road,1.2974282965517716,103.88244402775655
989,522 East Coast Road,1.3046600000000694,103.90420000000006
990,40 Cairnhill Road,57.435253440000054,-2.7583398269999293
991,9 Boon Teck Road,,
992,23 Keppel Bay Drive,49.77760998056158,11.54673999713117
993,275 Thomson Road,22.277480000000025,114.17496000000006
994,59 Upper Serangoon View,1.3766973798054778,103.90341378930185
995,5 Lorong 26 Geylang,1.312775016442302,103.88510528201476
996,123 Jalan Jurong Kechil,1.3418897845861726,103.7710253055352
997,6 Petir Road,60.11025148350547,30.201080309688727
998,31 Lorong 31 Geylang,1.3153534994066547,103.88652710425038
999,101 Kitchener Road,39.507840000000044,-84.15965999999997
1000,98 Saint Francis Road,35.68625000000003,-105.94008999999994
1001,18 Simei Street 1,53.79735000000005,-1.7584599999999568
1002,87 Lorong H Telok Kurau,1.0666700000000446,102.25000000000006
1003,119C Emerald Hill Road,40.727961400120805,-75.62540005476941
1004,9 Kim Tian Road,1.2849198148049936,103.8298028259677
1005,2 Minbu Road,,
1006,43 Mosque Street,,
1007,1189 Upper Serangoon Road,,
1008,21 Holland Park,42.778410000000065,-86.11408999999998
1009,530 Joo Chiat Road,1.3108000000000288,103.90138000000007
1010,21 Hillview Avenue,12.967800000000068,80.10269000000005
1011,33 Punggol Field,1.4049000000000547,103.90272000000004
1012,17 Simei Street 4,1.3411692163632978,103.9562849066948
1013,38 Cairnhill Road,57.435253440000054,-2.7583398269999293
1014,21 Oxford Road,53.47399000000007,-2.241739999999936
1015,5A Lorong 26 Geylang,1.3129770203088356,103.88505792426179
1016,190 Moulmein Road,1.3187023211823288,103.84534212008367
1017,68 Marine Parade Road,1.3003319973593221,103.90388292442259
1018,11 Buckley Road,42.31683000000004,-87.90578999999997
1019,42 Choa Chu Kang Street 64,1.3990061084735288,103.75142892997314
1020,273 Bedok South Avenue 3,1.3239272224362537,103.94470958222854
1021,30 Race Course Lane,1.3097000000000207,103.85299000000003
1022,245 Orchard Boulevard,36.51139225742186,-79.75810062580547
1023,60 Marine Parade Road,1.3011492748284468,103.90391829605397
1024,21 Dairy Farm Road,,
1025,1 Sophia Road,,
1026,15 Ceylon Lane,,
1027,39 Oxley Rise,55.059090000000026,9.33278000000007
1028,2 Marne Road,1.312940000000026,103.85721000000007
1029,113 Compassvale Bow,,
1030,29 Keppel Bay View,48.29431000551875,11.073160036966755
1031,65 Tiong Poh Road,1.283338191585301,103.83321451201721
1032,35 Punggol Field,1.4049000000000547,103.90272000000004
1033,54 Punggol Walk,1.4058791852583568,103.89998290869408
1034,64 Wilkie Road,37.885410000000036,-79.15974999999997
1035,35 Bishan Street 11,25.108120000000042,121.84340000000009
1036,95 Hillview Avenue,12.967800000000068,80.10269000000005
1037,114 Punggol Walk,1.402131217253455,103.89782792138766
1038,67 Tampines Central 7,1.3504800000000614,103.93626000000006
1039,87 Pasir Ris Grove,1.3718614826779145,103.9438497666008
1040,181 Tanjong Rhu Road,1.2959547998830487,103.87167604820416
1041,21 Compassvale Road,1.3893915207075906,103.89621960180637
1042,12 Derbyshire Road,52.72695885195226,-1.4854913822155698
1043,171 Telok Kurau Road,,
1044,59 Tampines Street 86,,
1045,33 Hume Avenue,53.48028794734403,-2.250747400558122
1046,34 Parbury Avenue,1.3172675489062726,103.94401413572206
1047,177 Tanjong Rhu Road,1.2959927279949142,103.87257911445226
1048,32 Keppel Bay Drive,50.053160018312354,9.067960022514654
1049,136 Hillview Avenue,12.967800000000068,80.10269000000005
1050,20 Balmoral Park,44.23821000000004,-76.60441999999995
1051,125 Serangoon North Avenue 1,1.3664506289020437,103.87211081752184
1052,28 Parbury Avenue,1.3179049507332508,103.9437280613667
1053,10 West Coast Crescent,1.297520874672344,103.76633170236198
1054,15 Saint Thomas Walk,9.025580000000048,76.92636000000005
1055,21 Woodleigh Close,,
1056,18 Leicester Road,,
1057,501 Sembawang Road,-6.291859999999929,106.80343000000005
1058,262 Balestier Road,,
1059,80 Jellicoe Road,50.73363000000006,-1.7489899999999352
1060,93 Rosewood Drive,,
1061,184 Depot Road,51.616250000000036,-3.7577499999999304
1062,80 Bayshore Road,40.73536000000007,-73.28455999999994
1063,4 Jalan Ampas,-3.1166699999999423,140.91667000000007
1064,1 Bishopsgate,51.439348806000055,-0.5892356109999355
1065,589 East Coast Road,1.3046600000000694,103.90420000000006
1066,5 Taman Warna,5.998920000000055,102.01026000000007
1067,1 King Albert Park,1.3367100000000391,103.77983000000006
1068,37 Bangkit Road,,
1069,30 Sturdee Road,1.3128700000000322,103.85852000000006
1070,1 River Valley Close,51.14365423833564,1.276944811286641
1071,38 Lorong 32 Geylang,1.312697944842597,103.886776884965
1072,65 Flora Drive,,
1073,491A River Valley Road,51.14365423833564,1.276944811286641
1074,43 Pasir Panjang Hill,1.2825500000000716,103.78559000000007
1075,11 Unity Street,,
1076,8 Keng Chin Road,21.300000000000068,93.78333000000003
1077,11 Riviera Drive,-16.693996163457204,-49.22165402829777
1078,15 Keppel Bay View,48.85983998834149,13.399000034387683
1079,12A Canberra Drive,1.4391165326531592,103.83159009918177
1080,62 Punggol Walk,1.4055966313023163,103.89949055570156
1081,7 Leedon Heights,41.03717000000006,-111.92410999999998
1082,188 Keng Lee Road,51.45103457500005,0.009070274000066547
1083,61 Choa Chu Kang Loop,1.3868312683826503,103.74478166165983
1084,91 Moulmein Road,1.3188813167246423,103.8501040469157
1085,738 Bedok Reservoir Road,1.342610000000036,103.92539000000005
1086,45 Bright Hill Drive,1.3574142667266642,103.83136353633898
1087,112 Kim Seng Road,1.2935092119935518,103.83316924974002
1088,93 Grange Road,43.56711000000007,-80.22628999999995
1089,103 Pasir Ris Grove,1.3703847170669547,103.94484821890705
1090,287 Ocean Drive,-29.589759999999956,31.14709000000005
1091,25 Lorong 25 Geylang,1.3144469965782264,103.88232785457853
1092,271 Bukit Timah Road,5.4500000000000455,100.26667000000003
1093,15 Kim Yam Road,1.29488438893803,103.83901118479622
1094,33 Mandalay Road,-33.55437999999998,116.06756000000007
1095,1 Jalan Ulu Sembawang,1.4373236854734444,103.82491693078771
1096,28 Woodsville Close,52.75829527489837,-1.547544027771735
1097,10 Ava Road,,
1098,53A Grange Road,43.56711000000007,-80.22628999999995
1099,6 Whampoa East,1.3215386314883517,103.86482216597761
1100,1 Pandan Valley,1.31833000000006,103.77583000000004
1101,70 Saint Thomas Walk,9.025580000000048,76.92636000000005
1102,173 Tanjong Rhu Road,1.2967603845972349,103.8727781846527
1103,31 Pasir Ris Drive 3,1.3746038318493419,103.95373647285334
1104,861 Mountbatten Road,,
1105,23 Balmoral Road,53.387860000000046,-2.3431399999999485
1106,19A Toh Tuck Road,,
1107,73 Cavenagh Road,-12.462989999999934,130.84419000000003
1108,1 Kim Yam Road,1.2955268618164268,103.83890976376779
1109,8 Liang Seah Street,1.2974400000000514,103.85642000000007
1110,70 Truro Road,,
1111,73 Anchorvale Crescent,1.3971783925766061,103.89376965532722
1112,7 Mount Sophia,41.114810000000034,-75.30128999999994
1113,25 Yishun Central 1,1.4265085577156924,103.8356392289678
1114,9 Jalan Jintan,31.216660000000047,107.31522000000007
1115,100 Gerald Drive,1.3882005779949083,103.87849372060901
1116,2 Canberra Drive,1.4379564353441623,103.83099540315152
1117,10 Holland Heights,36.73015000000004,-76.61994999999996
1118,12 Bedok Rise,1.3273172412660585,103.94836342146078
1119,2 Cairnhill Circle,57.435253440000054,-2.7583398269999293
1120,36 Kim Tian Road,1.2842767971028906,103.8291629514793
1121,97 Robertson Quay,1.2909382727420535,103.83656718946833
1122,202 Kim Seng Road,1.2927264114674004,103.83323051234572
1123,63 Flora Drive,,
1124,1 Surrey Road,51.301269992860625,-0.056590000193835976
1125,7 Alexandra View,-45.25953292667288,169.38250871772692
1126,80 Elias Road,37.93516573524203,23.743622951414014
1127,33 Sommerville Road,32.49739000000005,-85.02011999999996
1128,29 Saint Martin's Drive,51.26834744048902,1.0910477084931969
1129,70 Bayshore Road,40.73536000000007,-73.28455999999994
1130,45 Mount Sinai Rise,,
1131,2 River Valley Grove,45.824970000000064,-94.35721999999998
1132,37 Pheng Geck Avenue,1.331826621355404,103.86966305033752
1133,25 Keppel Bay View,49.77756999888345,11.547020036516244
1134,1 Lorong 28 Geylang,1.3130519545232175,103.88573166163906
1135,26 Cuscaden Road,1.3045005273560548,103.82642131476962
1136,72 Dakota Crescent,1.3063500000000658,103.88428000000005
1137,376 Thomson Road,22.277480000000025,114.17496000000006
1138,32 Sturdee Road,,
1139,84 Upper Serangoon View,1.3761057850793463,103.9041942283065
1140,26 Jalan Datoh,1.3284700000000385,103.84290000000004
1141,9 Woodlands Drive 72,51.47392001537324,-0.34955000521128454
1142,61 Mount Sinai Drive,1.3175128453027014,103.77951936972306
1143,75 Jurong West Central 3,1.33885375752061,103.70472714477438
1144,33A West Coast Park,1.2931200000000445,103.76551000000006
1145,37 Choa Chu Kang Loop,1.3859968499215256,103.74291467654655
1146,93 Kellock Road,1.2933582120078455,103.83042426026913
1147,45 Scotts Road,52.47646000000003,-1.89549999999997
1148,85 West Coast Drive,1.3150723703741392,103.7585180084028
1149,13 Evelyn Road,38.938420000000065,-81.34428999999994
1150,81 Kovan Road,1.355320000000063,103.87852000000004
1151,200 Kim Seng Road,1.295651333078581,103.83223684683082
1152,25 Saint Martin'S Drive,51.26834744048902,1.0910477084931969
1153,1 Geylang East Avenue 2,1.316404841521944,103.8879067655131
1154,9 Martia Road,57.34299000000004,-2.6124399999999355
1155,15 Cairnhill Circle,57.435253440000054,-2.7583398269999293
1156,33 Saint Thomas Walk,9.025580000000048,76.92636000000005
1157,1G Leedon Heights,1.3154806947873396,103.80201421855111
1158,31 Jalan Rama Rama,12.159650000000056,-84.21951999999999
1159,28 Dalvey Estate,37.98878000000008,-122.04678999999999
1160,38 Chay Yan Street,,
1161,1 Makeway Avenue,1.312915497139528,103.84211299188536
1162,48A Toh Tuck Road,,
1163,95 Pasir Panjang Hill,,
1164,65B Cavenagh Road,-12.462989999999934,130.84419000000003
1165,20 Pasir Ris Link,1.3775237516395435,103.96024200318391
1166,5 Jurong Lake Link,1.345878211476787,103.72598013082796
1167,927 Bukit Timah Road,5.4500000000000455,100.26667000000003
1168,57B Devonshire Road,26.671737000000064,-80.05891499999996
1169,5 Woodlands Drive 72,51.47392001537324,-0.34955000521128454
1170,2 Kovan Rise,35.351942060000056,136.85302043000002
1171,56 Farrer Road,,
1172,33 Robin Road,,
1173,18 Ang Mo Kio Central 3,22.1926233351019,113.53985519657785
1174,138 Mackenzie Road,1.304770000000076,103.84953000000007
1175,183A Upper Thomson Road,1.3502500000000737,103.83577000000008
1176,23 Minbu Road,1.3248000000000388,103.84864000000005
1177,75 Farrer Drive,1.312048137798925,103.8056502043296
1178,913 Lorong 1 Toa Payoh,1.3344800000000419,103.85108000000008
1179,18 Ipoh Lane,1.3116806751637142,103.89585750358918
1180,8 Chancery Lane,,
1181,21 Sampan Place,,
1182,1 Balmoral Road,1.3136600000000271,103.83063000000004
1183,71 Hillview Avenue,12.967800000000068,80.10269000000005
1184,120 Tanjong Rhu Road,1.2974947231344345,103.87460166768852
1185,883 North Bridge Road,53.52906000000007,-1.1450899999999251
1186,72 Saint Patrick's Road,-17.876479999999958,31.090280000000064
1187,21 Delta Road,1.2917600000000675,103.82594000000006
1188,50A Faber Heights,1.3235763978788526,103.75666535634394
1189,80 Tanah Merah Kechil Avenue,1.3279493205845085,103.94664211382468
1190,30 Tanah Merah Kechil Road,1.32813066305971,103.94447002743578
1191,10 Cuscaden Walk,50.44572000000005,6.102460000000065
1192,49 Saint Thomas Walk,9.025580000000048,76.92636000000005
1193,2 Hougang Street 92,1.374087967618408,103.87835634121592
1194,880 Upper Bukit Timah Road,1.3404100000000199,103.77221000000009
1195,33 Oxford Road,53.47399000000007,-2.241739999999936
1196,22 Newton Road,52.54562000000004,-1.9341199999999503
1197,950 Dunearn Road,,
1198,19 Lorong Lew Lian,1.3508961920310736,103.87629050191512
1199,39F West Coast Park,-33.01593996724856,18.99386074970686
1200,9 Amber Gardens,22.26457010000007,114.18844230000002
1201,60 Gilstead Road,1.3179300000000467,103.83926000000008
1202,25 Kim Yam Road,1.2941630423507462,103.83944888778007
1203,3 Alexandra View,,
1204,286 Telok Kurau Road,,
1205,2 Gilstead Road,,
1206,65C Cavenagh Road,-12.462989999999934,130.84419000000003
1207,48 Lorong 32 Geylang,1.3121275144220022,103.8868142682532
1208,1A One Tree Hill,-34.71740999999997,138.76553
1209,152 Mariam Way,45.04752000000008,38.97267000000005
1210,35 Oxley Rise,-27.55691784787972,152.97844835852098
1211,9 Jurong Lake Link,1.3451369997789726,103.7259712460106
1212,101 Spottiswoode Park Road,1.2752413988463758,103.83604583509083
1213,108 Punggol Walk,1.4022689738321503,103.89701152401835
1214,437 Tanjong Katong Road,1.3000000000000682,103.90000000000003
1215,50 Robinson Road,22.28087000000005,114.15078000000005
1216,15 Oxley Walk,1.2965958059283906,103.84239386946075
1217,1 Marne Road,1.312940000000026,103.85721000000007
1218,2 Flora Drive,46.52891000000005,8.609850000000051
1219,2A Lincoln Road,52.58834000000007,-0.24678999999997586
1220,20 Evelyn Road,38.938420000000065,-81.34428999999994
1221,104 Prinsep Street,1.3014356006409145,103.85151161991598
1222,16 Lorong 34 Geylang,1.3133774657330406,103.8875227067096
1223,66 Toh Tuck Road,,
1224,42 Saint Patrick's Road,-17.876479999999958,31.090280000000064
1225,14 Whampoa East,1.3217157830119675,103.86408707306913
1226,2 First Street,38.43688000000003,27.141030000000057
1227,102 Wishart Road,1.2705637520507764,103.81362826741002
1228,3 Khiang Guan Avenue,1.3166140793771153,103.84333733644559
1229,23 Kim Yam Road,1.2939868128364793,103.83971853360521
1230,1014 Upper Serangoon Road,,
1231,8 Pari Dedap Walk,50.44572000000005,6.102460000000065
1232,45 Newton Road,52.54562000000004,-1.9341199999999503
1233,50 Duchess Avenue,1.3240300000000502,103.80522000000008
1234,19 Woodlands Avenue 6,54.00030917173102,-1.4980269655523917
1235,33 Sommerville Estate Road,33.02246526784535,-80.27616265229108
1236,25 Robin Road,,
1237,11 Leedon Heights,1.316220984475791,103.8043857942356
1238,117 Jurong East Street 13,1.3379233243586128,103.73500115412054
1239,35 Pheng Geck Avenue,1.331266207309099,103.86961233982333
1240,9 Sin Ming Road,1.355700150466888,103.83760870868345
1241,5 Farrer Drive,1.3149230467690671,103.80707521168847
1242,28 Balmoral Park,44.23821000000004,-76.60441999999995
1243,94 Flora Road,,
1244,17 Keppel Bay View,49.461890007118654,11.114290035848654
1245,45 Pasir Panjang Hill,1.2825500000000716,103.78559000000007
1246,55 Paterson Road,28.100400000000036,-82.61359999999996
1247,47 Hindhede Walk,1.3476676639857033,103.771800978003
1248,102 Duchess Avenue,1.3240300000000502,103.80522000000008
1249,30 Bedok North Drive,1.3242887339202127,103.92878857624197
1250,66 Moonstone Lane,1.3286652608442466,103.86449577466794
1251,15 Leedon Heights,1.3158846606108767,103.80284939138352
1252,253B Pasir Panjang Road,0.8443000000000325,108.88043000000005
1253,368 Thomson Road,22.277480000000025,114.17496000000006
1254,38 Ipoh Lane,,
1255,15 Balmoral Road,53.387860000000046,-2.3431399999999485
1256,27 Bencoolen Street,1.2988499511493643,103.84984068751794
1257,730 Upper Changi Road East,1.3455255009911582,103.9632692951538
1258,16 Balmoral Crescent,1.3158623647484262,103.83550570525017
1259,1 Kim Seng Walk,47.778760000000034,10.616910000000075
1260,15 Sophia Road,,
1261,51 Upper Serangoon View,1.3759931323006782,103.90364387254402
1262,12 Surrey Road,51.40357664557632,-0.5384277477300379
1263,8B Rochalie Drive,1.3026332069666324,103.82188628605655
1264,81 Pheng Geck Avenue,1.3327934738866958,103.8697968255122
1265,387 Joo Chiat Road,1.3108000000000288,103.90138000000007
1266,87 Amber Road,26.951320000000067,75.84682000000004
1267,4 Keppel Bay Drive,48.86004999692554,13.400789989810818
1268,59 Lorong Gambir,1.3452006184240872,103.87534857908048
1269,108 Duchess Avenue,1.3240300000000502,103.80522000000008
1270,65 Punggol Central,1.410030000000063,103.90594000000004
1271,66 Meyer Road,,
1272,21 Telok Blangah Drive,1.271990435790272,103.80851421682559
1273,9 Elias Green,1.3720700000000647,103.94064000000009
1274,3 Hullet Road,,
1275,30 Mount Vernon Road,41.171295239859845,-74.49515375570208
1276,10 Geylang East Avenue 2,1.3167782972179225,103.8889640587796
1277,20 Lorong Marzuki,,
1278,80 Kim Seng Road,1.2918537861163912,103.83414414889836
1279,2 Belmont Road,53.60884000000004,-2.4356299999999464
1280,28 Tomlinson Road,-67.24999999999994,51.18333000000007
1281,735 Mountbatten Road,47.716810000000066,-83.04977999999994
1282,41 Pasir Panjang Hill,1.2825500000000716,103.78559000000007
1283,14 Taman Nakhoda,,
1284,37 Scotts Road,52.47646000000003,-1.89549999999997
1285,31 Club Street,1.2824700000000462,103.84633000000008
1286,23 Holland Hill,31.964668950364874,-97.37850967561408
1287,51 Kampong Bugis,3.8528100000000336,103.36657000000008
1288,76 Grange Road,43.56711000000007,-80.22628999999995
1289,113 Prince Charles Crescent,,
1290,547 East Coast Road,1.3046600000000694,103.90420000000006
1291,7 Keppel Bay View,48.859349982281856,13.400090017076622
1292,23 Leonie Hill,51.369321408980916,1.1140043228301821
1293,48 Woodlands Drive 16,51.475049979740305,-0.3474199959763382
1294,110 Tanjong Rhu Road,1.2974075513414078,103.87543818162544
1295,468 Sims Avenue,,
1296,21 Stevens Drive,-26.15197999999998,28.548050000000046
1297,16 Clementi Avenue 1,1.3089716990733735,103.76785199454716
1298,26 Bukit Batok East Avenue 2,1.3520812389217696,103.75916115183344
1299,9C Yuan Ching Road,22.568140000000028,120.33473000000004
1300,3 Lorong How Sun,1.3430589164342024,103.8817794266538
1301,1 Alexandra View,-45.25953292667288,169.38250871772692
1302,5B Balmoral Park,44.23821000000004,-76.60441999999995
1303,25 Kim Keat Close,1.323168157284698,103.85298817597936
1304,64 Tiong Poh Road,1.283714832404499,103.83369018502242
1305,455 Sims Avenue,,
1306,58 Swiss View,37.31461000000007,-88.15619999999996
1307,3 West Coast Drive,1.3134029142855281,103.75972274139446
1308,39 Mount Sinai Rise,1.315555251816079,103.77693464224086
1309,36 Tomlinson Road,-67.24999999999994,51.18333000000007
1310,69A Carlisle Road,55.77156000000008,-4.021379999999965
1311,4 Balmoral Crescent,1.3148582127480068,103.83417172535985
1312,33 Mount Sinai Rise,1.3144427637171248,103.77785774123754
1313,23 Akyab Road,1.324347113875831,103.84840168238077
1314,19 Nassim Road,29.322418146608793,47.6612570360461
1315,15 Ardmore Park,39.99657000000008,-75.29884999999996
1316,6C Verdun Road,1.3102000000000658,103.85607000000005
1317,51 Tampines Street 86,,
1318,77 Woodgrove Avenue,,
1319,66 Marine Parade Road,,
1320,3 Kellock Road,,
1321,7C Balmoral Park,,
1322,Farrer Park / Serangoon Rd (D8),1.3120949998058287,103.85127373302878
1323,37 Lorong Ong Lye,,
1324,460 Siglap Road,,
1325,88 Rangoon Road,1.3180700000000343,103.85215000000005
1326,8 Jalan Ayer,2.2216300000000615,32.632690000000025
1327,2 Lorong M Telok Kurau,1.0666700000000446,102.25000000000006
1328,993 Bukit Timah Road,,
1329,32 Jalan Rajah,,
1330,17 Hazel Park Terrace,1.3714500000000385,103.76406000000009
1331,980 Upper Serangoon Road,,
1332,9 Pasir Ris Rise,46.00329308073493,3.4878252128374756
1333,81 West Coast Drive,1.3155055471302433,103.75805691990911
1334,2 Lakepoint Drive,40.53425056577021,-112.29701560206901
1335,157G Tamarind Road,32.33835800000003,-111.01333399999999
1336,35 Jalan Mutiara,5.294140000000027,95.99597000000006
1337,6 Woodgrove Drive,1.4291829715618718,103.7820353655992
1338,50 Draycott Park,-31.872729999999933,115.77514000000008
1339,20 Lorong Puntong,1.3601137843728566,103.83108014419258
1340,249 Bedok South Avenue 3,1.3235118153148875,103.9452377259476
1341,36 Dover Rise,51.15461829674543,1.3843897475154827
1342,1 Lew Lian Vale,,
1343,1 Elizabeth Drive,33.4025650370878,-90.97945489034961
1344,20 Paterson Road,28.100400000000036,-82.61359999999996
1345,3 Makeway Avenue,,
1346,51 Tampines Avenue 1,1.3488710538246096,103.92785751443722
1347,68 Elias Road,,
1348,60 Kim Seng Road,1.2910923321224317,103.8346045668398
1349,62 Bayshore Road,40.73536000000007,-73.28455999999994
1350,34 Dakota Crescent,,
1351,62 Flora Drive,,
1352,15 Robin Road,,
1353,8 Butterworth Lane,-70.69999999999999,66.73333000000008
1354,99 Rosewood Drive,31.289840000000027,75.54289000000006
1355,3 Siglap Road,,
1356,133 Hemmant Road,1.3117540587260237,103.89047699230281
1357,171 Tanjong Rhu Road,1.2966956763047222,103.87244517163953
1358,22 Bedok North Drive,,
1359,12 Robey Crescent,,
1360,26 Saint Michael's Road,,
1361,29 Hillview Avenue,12.967800000000068,80.10269000000005
1362,28B Jalan Lempeng,1.3186584838287274,103.76113911334477
1363,3 Jalan Rumbia,41.62964999751637,-4.740839975299707
1364,18 Newton Road,52.54562000000004,-1.9341199999999503
1365,98 Elias Road,,
1366,10 Bukit Batok Street 41,49.084475943343705,30.409394430075206
1367,968 Dunearn Road,,
1368,100 Robertson Quay,1.2913077470340397,103.83773177109555
1369,25 Tan Kim Cheng Road,1.32128830595002,103.81207912406518
1370,68 Sengkang Square,1.389723360254294,103.89517496521358
1371,93 Robertson Quay,1.2917233217934694,103.83697404704844
1372,33 Pasir Ris Drive 3,1.3739594311332155,103.95399874260369
1373,73 Farrer Drive,1.311529675178008,103.80544794900595
1374,6 Angklong Lane,1.3625664549705476,103.83135942920637
1375,86 Jellicoe Road,50.73363000000006,-1.7489899999999352
1376,78 Bayshore Road,,
1377,8 Irrawaddy Road,,
1378,19 Tong Watt Road,,
1379,221 Queensway,56.19845483300003,-3.165607075999958
1380,18 Lorong 102 Changi,1.315678884887916,103.90045103798639
1381,370H Alexandra Road,51.20420000000007,-3.4750699999999597
1382,8A Orange Grove Road,41.33582728572294,-73.9797320932046
1383,46 Goldhill Avenue,,
1384,116 Punggol Walk,,
1385,17 Tampines Street 86,,
1386,2 Ardmore Park,,
1387,1 Jalan Jintan,,
1388,83 Pasir Ris Heights,,
1389,31 Punggol Field,1.4049000000000547,103.90272000000004
1390,6 Keng Chin Road,21.300000000000068,93.78333000000003
1391,898 Upper Bukit Timah Road,,
1392,23 Stevens Drive,-26.15197999999998,28.548050000000046
1393,12 Simei Street 1,53.79735000000005,-1.7584599999999568
1394,69 Jalan Tua Kong,1.3176117098506523,103.9247664361842
1395,16 Flora Drive,51.00032643252477,3.7653959775439305
1396,Ang Mo Kio / Bishan / Thomson (D20),1.3644700000000398,103.83506000000006
1397,8 Suffolk Walk,40.98215581583553,-72.63115298024921
1398,57A Devonshire Road,26.671737000000064,-80.05891499999996
1399,50 Amber Road,26.951320000000067,75.84682000000004
1400,14 Eden Grove,44.20828000000006,-81.22597999999994
1401,6 River Valley Grove,51.14365423833564,1.276944811286641
1402,40 Shelford Road,,
1403,9 Lew Lian Vale,1.3488186250202432,103.87766600767043
1404,95 Sophia Road,-32.88238999999993,-68.84392999999994
1405,84 Jellicoe Road,50.73363000000006,-1.7489899999999352
1406,11 Nathan Road,-27.546357206418445,153.03913751237454
1407,5 Lorong 15 Geylang,1.3125384791346875,103.90747230681939
1408,450 Corporation Road,53.48258000000004,-2.3403099999999313
1409,13 Bartley Road,52.03013000000004,0.05882000000002563
1410,12 Adis Road,,
1411,15 Farrer Drive,1.3136913680069568,103.80674597053172
1412,93 Compassvale Bow,,
1413,33 Sin Ming Walk,1.3655039767574095,103.82857571534282
1414,33 Bishan Street 11,25.108120000000042,121.84340000000009
1415,78 Lorong M Telok Kurau,1.0666700000000446,102.25000000000006
1416,22A Mar Thoma Road,1.3275263697502737,103.86256894276596
1417,212 Upper East Coast Road,,
1418,85 Pheng Geck Avenue,,
1419,31 Mount Sophia,41.114810000000034,-75.30128999999994
1420,10 Saint Thomas Walk,18.338315053069174,-64.91617993214922
1421,2 Bukit Batok Street 41,,
1422,21 Jervois Close,,
1423,24 Newton Road,,
1424,111 Prince Charles Crescent,,
1425,50F Faber Heights,,
1426,57 Fernvale Road,,
1427,61 Flora Drive,47.95257034976647,-99.27646237493879
1428,1 Marine Vista,-32.93992999999995,28.029990000000055
1429,8 Cuscaden Walk,,
1430,29 Leonie Hill,51.369122828051616,1.1138546634417719
1431,81 Rosewood Drive,31.289840000000027,75.54289000000006
1432,7 Fraser Street,53.409980000000076,-2.9765199999999368
1433,65 Wilkie Road,37.885410000000036,-79.15974999999997
1434,60 Sengkang Square,1.3890085934610141,103.89487179177576
1435,23 Pasir Ris Link,1.3759527734368788,103.95995416862888
1436,26 Taman Nakhoda,6.094390000000033,100.30516000000006
1437,1 Serangoon North View,39.29541000000006,-80.35137999999995
1438,77 Jurong East Street 13,1.337522501748765,103.73602374630798
1439,200 Jalan Sultan,3.142500000000041,101.69814000000008
1440,1557 Keppel Road,1.2726200000000745,103.83947000000006
1441,5 Ocean Way,30.454580000000078,-81.59939999999995
1442,2 Kandis Link,51.32800769500005,-2.7537949069999286
1443,227 Pasir Panjang Road,0.8443000000000325,108.88043000000005
1444,21 Meyappa Chettiar Road,1.3308519317446468,103.86721134365871
1445,20 Margaret Drive,1.2965500000000247,103.80885000000006
1446,10 Eng Hoon Street,52.877218785575764,-1.657809877702039
1447,32 Jervois Road,-35.257649999999956,139.45162000000005
1448,110 Duchess Avenue,1.3240300000000502,103.80522000000008
1449,61 Irrawaddy Road,1.3249966694624078,103.84611585356578
1450,12 Kitchener Link,14.567170000000033,121.03331000000003
1451,8 Paya Lebar Road,2.8500000000000227,102.33333000000005
1452,19 Keppel Bay Drive,,
1453,35 Simei Street 4,,
1454,11 Lorong N Telok Kurau,,
1455,1 Lorong 30 Geylang,,
1456,1 Saint Martin's Drive,51.26834744048902,1.0910477084931969
1457,50 Marine Parade Road,1.299995924951503,103.90310064139919
1458,327 River Valley Road,51.14365423833564,1.276944811286641
1459,134 Tanjong Rhu Road,1.297874088072163,103.87025791400589
1460,6 Pari Dedap Walk,50.44572000000005,6.102460000000065
1461,60 Kim Yam Road,1.2928514421418527,103.83976304151105
1462,55 West Coast Road,12.968920000000026,80.25759000000005
1463,1 Farrer Drive,1.315962151305726,103.80676390780451
1464,10 Stirling Road,,
1465,55 Pasir Ris Drive 1,,
1466,154 Prince Charles Crescent,1.2918159837330734,103.81734689875384
1467,7 Lorong 42 Geylang,1.313855988585317,103.89048353018728
1468,806 Thomson Road,22.277480000000025,114.17496000000006
1469,91 Yishun Avenue 1,1.410757872001625,103.83108123384
1470,1K Green Lane,,
1471,20C Duchess Road,52.47341000000006,-1.924229999999966
1472,2 Suffolk Road,40.853367722786736,-72.44441292775011
1473,317 Choa Chu Kang Avenue 3,1.3838493225089508,103.74748172412973
1474,44 Pasir Panjang Hill,1.2825500000000716,103.78559000000007
1475,60 Bayshore Road,40.73536000000007,-73.28455999999994
1476,27 Pasir Ris Grove,1.3723472977859643,103.94560585913507
1477,129 Holland Road,,
1478,9 Transit Road,43.15004800000003,-78.69607499999995
1479,21 Fort Road,6.932161012191273,79.84677914125473
1480,68 Bayshore Road,40.73536000000007,-73.28455999999994
1481,19 Yong Siak Street,,
1482,3 Roberts Lane,43.752951068622295,-122.45589858359116
1483,91 Pasir Ris Heights,1.3816103904422476,103.94003499482761
1484,5 Kellock Road,1.2949585268716106,103.83003642960921
1485,12 Balmoral Road,,
1486,75 Flora Drive,38.61442986492855,-88.44772459510756
1487,38 Saint Michael's Road,53.37751000000003,-2.948789999999974
1488,1 Ang Mo Kio Avenue 9,,
1489,34 Draycott Park,,
1490,60 Lengkong Tiga,,
1491,11 Lim Tua Tow Road,,
1492,6 Jurong Lake Link,,
1493,205 Jalan Loyang Besar,,
1494,10 Surrey Road,,
1495,7 Adam Road,,
1496,39G West Coast Park,,
1497,17 Jalan Rajah,34.79639000000003,70.33083000000005
1498,19 Fort Road,6.932161012191273,79.84677914125473
1499,7 River Valley Close,51.14365423833564,1.276944811286641
1500,167 Moulmein Road,1.3181332737757572,103.84632456295486
1501,22 Jalan Lempeng,,
1502,277 Thomson Road,22.277480000000025,114.17496000000006
1503,18 Ewe Boon Road,1.3169456000053117,103.83178221240257
1504,48 Coronation Road West,50.57633000000004,-3.471149999999966
1505,2 Jalan Anak Bukit,1.3393692445658871,103.77980963503
1506,2 Tanah Merah Kechil Link,5.846940000000075,102.12326000000007
1507,31 Bishan Street 21,1.3480200391952053,103.84331110112521
1508,50 Lakeside Drive,-26.194548280080465,28.29056008963773
1509,22 Nassim Hill,1.3069131324565575,103.82220857023367
1510,51 Lim Ah Woo Road,1.3131115498547956,103.8923762477433
1511,16 Jalan Masjid,-7.189239999999927,109.06982000000005
1512,1 Pasir Ris Link,1.3765340165125792,103.96077794207298
1513,50 Gilstead Road,1.3179300000000467,103.83926000000008
1514,7 Jalan Rumbia,41.62930998561407,-4.740899989726444
1515,839 Mountbatten Road,47.716810000000066,-83.04977999999994
1516,46 Lakeside Drive,,
1517,61 Rosewood Drive,,
1518,6 Hougang Street 11,47.409560000000056,40.03931000000006
1519,17 Tampines Avenue 8,1.3502805965721052,103.92857123349262
1520,8 Margate Road,,
1521,25A Hoot Kiam Road,,
1522,10 Shelford Road,,
1523,31 Tampines Street 86,,
1524,78 Flora Road,,
1525,418 Upper Paya Lebar Road,,
1526,106 Grange Road,43.56711000000007,-80.22628999999995
1527,283 Bedok South Avenue 3,1.3227729505499752,103.944929858644
1528,1 Jalan Naung,1.3678452099523781,103.89267103927801
1529,54 Choa Chu Kang North 7,,
1530,461A Upper East Coast Road,,
1531,54 Duchess Avenue,,
1532,121 Meyer Road,,
1533,39A West Coast Park,1.2931200000000445,103.76551000000006
1534,28 Highgate Walk,,
1535,543 Dunman Road,,
1536,28 Shelford Road,,
1537,6 Leedon Heights,,
1538,50 Lorong 28 Geylang,,
1539,9 Riviera Drive,,
1540,95 Tampines Avenue 1,1.3492698228681803,103.92696224335907
1541,101 Beach Road,,
1542,242 Westwood Avenue,,
1543,128 Race Course Road,,
1544,100 Kim Seng Road,,
1545,2 Cornwall Gardens,,
1546,35 Pasir Ris Link,1.3767111261266791,103.95992634071035
1547,163 Haig Road,,
1548,34 Draycott Drive,1.309905094704547,103.83106966681362
1549,1001 Lower Delta Road,1.2812600000000316,103.82380000000006
1550,97 Cashew Road,35.06222800000006,-85.30772199999996
1551,18 Guillemard Crescent,1.3095753087241064,103.88099488051654
1552,186 Joo Chiat Terrace,1.3146500000000287,103.90201000000008
1553,488 Upper Serangoon Road,,
1554,16 Leonie Hill Road,1.2984632101368447,103.83429896265005
1555,570 Macpherson Road,-82.48332999999997,155.83333000000005
1556,9 Marine Vista,-32.93992999999995,28.029990000000055
1557,11 Tampines Central 7,1.3504800000000614,103.93626000000006
1558,27 Oxley Walk,1.2960988847986386,103.8420316036055
1559,21 Simei Street 4,1.339988751029594,103.95725477671124
1560,3 Canberra Drive,1.437609801738347,103.8300765789254
1561,12 Jelebu Road,1.3786658697662233,103.76395836647782
1562,13 Leedon Heights,1.3158643344956715,103.80366914151409
1563,78 Moh Guan Terrace,1.2825600000000463,103.83110000000005
1564,20 Ewe Boon Road,1.3171953807199372,103.83121274590081
1565,25 Sembawang Crescent,1.444994690759909,103.81615517132799
1566,3 Miltonia Close,46.0432715079851,-95.2931300240752
1567,15 Sin Ming Walk,1.3651436387398945,103.83014707073113
1568,29 Angullia Park,1.3047000000000253,103.83010000000007
1569,27A Hillview Avenue,,
1570,29 Elias Road,,
1571,25 Jalan Merah Saga,,
1572,10 Suffolk Road,,
1573,86 Wilkie Road,,
1574,15 Fernvale Lane,,
1575,5 Jalan Membina,1.2853733595858188,103.82877931177092
1576,173 Jalan Loyang Besar,3.709600000000023,98.68590000000006
1577,35 Tampines Street 86,1.351966574486326,103.92814191241195
1578,226 Changi Road,,
1579,1 Jalan Yasin,31.820830000000058,47.36778000000004
1580,2 Petir Road,60.11343952858415,30.203620438064796
1581,20 Balmoral Crescent,1.316554793769754,103.83495174526934
1582,19 Balmoral Crescent,,
1583,62 Woodlands Drive 16,,
1584,716 Upper Changi Road East,,
1585,85 Hillview Avenue,,
1586,3 Bedok South Avenue 3,23.188750000000027,77.43953000000005
1587,34 Whampoa East,,
1588,107 Tampines Road,1.3615283143527535,103.88941475371337
1589,400 Balestier Road,,
1590,21 Balmoral Road,53.387860000000046,-2.3431399999999485
1591,1 Marymount Terrace,41.31353091185723,-75.9467065165291
1592,7 Lincoln Road,52.58834000000007,-0.24678999999997586
1593,83 Flora Drive,,
1594,27 Terrasse Lane,1.3689624338266242,103.87902278633743
1595,3 Oxford Road,,
1596,91 Bencoolen Street,1.3003006909509622,103.8510397187672
1597,208 Jalan Eunos,1.3273069734346592,103.90770255769962
1598,2 Kensington Park Drive,39.1040900345445,-94.66217065133543
1599,105 Hillview Rise,49.65311000000003,-103.85796999999997
1600,35 Lorong 20 Geylang,1.3114469457936622,103.88153953658491
1601,1 Tampines Street 86,1.3502097275807614,103.92716173265461
1602,6 Jalan Ampas,-3.1166699999999423,140.91667000000007
1603,67 Stevens Road,37.35031094079943,-101.06799355364694
1604,68 Phoenix Road,33.42259568677452,-112.20615706611478
1605,179 Tanjong Rhu Road,1.2962342106254,103.87213193991789
1606,3 Joo Chiat Lane,34.98302280000007,136.8742028700001
1607,9 Dairy Farm Road,13.248350000000073,-59.64137999999997
1608,23 Jalan Merah Saga,3.125960004108933,101.7641899929215
1609,14 Gemmill Lane,1.2822133401791689,103.8469931873712
1610,42 Coronation Road West,50.57633000000004,-3.471149999999966
1611,400 Orchard Road,14.583750000000066,121.05648000000008
1612,38 Saint Patrick's Road,-17.876479999999958,31.090280000000064
1613,140 Hillview Avenue,12.967800000000068,80.10269000000005
1614,515 Dunman Road,,
1615,17 Institution Hill,42.32732000000004,-71.18560999999994
1616,9 Bukit Batok Central Link,1.3499500000000353,103.75199000000003
1617,66 Lorong L Telok Kurau,1.0666700000000446,102.25000000000006
1618,2 Perumal Road,1.3126700000000255,103.85533000000004
1619,1 Jurong Lake Link,1.3459860446611316,103.72537780726577
1620,3 Hume Avenue,53.48028794734403,-2.250747400558122
1621,27 Pasir Ris Street 72,1.3802017277945708,103.93510149043755
1622,1 Jalan Kembangan,-7.175790014292943,112.60965001425222
1623,70 Tanah Merah Kechil Avenue,1.3286705414432447,103.94589662735626
1624,31 Saint Thomas Walk,9.025580000000048,76.92636000000005
1625,36 Keppel Bay Drive,49.35519001416637,11.277300031519161
1626,55 Devonshire Road,26.671737000000064,-80.05891499999996
1627,74 Tanah Merah Kechil Avenue,1.328591625824842,103.94548792575739
1628,50 Upper Serangoon View,1.3744728646122297,103.90307046654777
1629,6 Cuscaden Walk,50.44572000000005,6.102460000000065
1630,9 Chin Terrace,1.364428746218067,103.97384524530446
1631,4 Simei Rise,28.670300000000054,82.31252000000006
1632,107 Joo Chiat Place,,
1633,21 Kim Yam Road,1.2937997706671212,103.83942206568992
1634,42 Kim Yam Road,,
1635,19 Shelford Road,1.3261900000000537,103.81206000000009
1636,265 Sixth Avenue,-26.173749999999927,28.006240000000048
1637,6 Ridgewood Close,-26.106589999999983,28.060160000000053
1638,3 Grange Garden,57.50575821400008,-1.7969955659999641
1639,3 Zion Close,,
1640,7 Lew Lian Vale,1.3486150705016229,103.87735713453839
1641,100 Emerald Hill Road,40.727961400120805,-75.62540005476941
1642,57 Tampines Central 7,,
1643,10 Marine Vista,-32.93992999999995,28.029990000000055
1644,237 Arcadia Road,,
1645,361 Holland Road,,
1646,17 Cove Drive,45.29691500000007,-117.81055399999997
1647,921 Bukit Timah Road,5.4500000000000455,100.26667000000003
1648,200 Moulmein Road,1.3188052509533321,103.84466779597324
1649,66 Duchess Avenue,1.3240300000000502,103.80522000000008
1650,65 Tampines Central 7,1.3504800000000614,103.93626000000006
1651,1 Shelford Road,45.38201647577871,-72.6078885144853
1652,53 Jervois Road,-35.257649999999956,139.45162000000005
1653,20 Kay Poh Road,1.2963654293196072,103.82971414543209
1654,8 Amber Road,26.951320000000067,75.84682000000004
1655,5 Lorong 28 Geylang,1.3133780524662626,103.88570961723372
1656,66 Phoenix Road,33.459405734131686,-112.20210566226962
1657,111 Tampines Road,1.3617773406960936,103.89166755782986
1658,62 Marine Parade Road,1.301012901263789,103.90435490939035
1659,2 Jalan Novena Barat,1.3229322067103055,103.84199204102254
1660,3 Daisy Road,29.46327000000008,-89.64950999999996
1661,11C Pulasan Road,1.3113980799483593,103.906553472833
1662,33 Simei Rise,,
1663,37 Oxley Rise,,
1664,34 West Coast Road,12.968920000000026,80.25759000000005
1665,23 Sin Ming Walk,1.3653356681416398,103.82939697421591
1666,10 Leedon Road,52.23730000000006,-0.931199999999933
1667,35 Lorong Ong Lye,1.3462354062805986,103.87964346626757
1668,5 Buangkok Green,13.838960000000043,100.65981000000005
1669,33 Mangis Road,,
1670,370 Thomson Road,22.277480000000025,114.17496000000006
1671,42 Lakeside Drive,-26.194548280080465,28.29056008963773
1672,75 Punggol Central,7.080630000000042,124.75247000000002
1673,475 River Valley Road,51.14365423833564,1.276944811286641
1674,60 Zion Road,33.36578000000003,-80.20088999999996
1675,86 Lorong M Telok Kurau,1.0666700000000446,102.25000000000006
1676,383 Tanglin Road,,
1677,23 Sommerville Road,32.49739000000005,-85.02011999999996
1678,56 Edgedale Plains,40.89696888550279,-81.35382470735233
1679,99A Lorong H Telok Kurau,1.0666700000000446,102.25000000000006
1680,41 Lorong 22 Geylang,1.3111898309137615,103.88246657507608
1681,370G Alexandra Road,51.20420000000007,-3.4750699999999597
1682,11 Lorong Melayu,2.1835300546062797,102.27298505244451
1683,47 Jurong East Avenue 1,1.3421351887947566,103.73427285055362
1684,21 West Coast Crescent,1.2968423177007793,103.76543215651316
1685,38 Eng Hoon Street,52.877218785575764,-1.657809877702039
1686,5 Thomson Lane,44.06475778452852,-123.11724082692453
1687,103 Haig Road,,
1688,29 Pasir Ris Link,1.3762202818767264,103.95952342262467
1689,26 Simei Street 1,,
1690,302 Sims Avenue,,
1691,6B Rochalie Drive,,
1692,61 Hillside Drive,50.93461000000008,0.2447500000000673
1693,12 Holland Hill,31.964557419612348,-97.37847866636545
1694,23 Jalan Raja Udang,1.3283693796621492,103.8424032571923
1695,9 Leedon Heights,41.03717000000006,-111.92410999999998
1696,1 Rosewood Drive,31.289840000000027,75.54289000000006
1697,15 Institution Hill,42.32732000000004,-71.18560999999994
1698,63 East Coast Road,1.3046600000000694,103.90420000000006
1699,9 Tampines Avenue 8,1.3505273178920731,103.92827233482535
1700,76 Farrer Road,,
1701,3A Lorong How Sun,1.342664757437376,103.88188017712991
1702,77 Meyer Road,,
1703,5B Lorong 26 Geylang,,
1704,6 Handy Road,35.079630000000066,-81.08995999999996
1705,1 Coleman Street,42.983622728721386,-82.61922576982856
1706,3 Coleman Street,42.983622728721386,-82.61922576982856
1707,2 Jalan Lokam,1.3456087332896942,103.88269741268954
1708,430 Upper Changi Road,1.332360000000051,103.94614000000007
1709,138 Robinson Road,22.28087000000005,114.15078000000005
1710,130 Jurong Gateway Road,1.335360000000037,103.73952000000008
1711,501 Jurong West Street 51,1.3501449773787328,103.71897788891522
1712,170 Upper Bukit Timah Road,1.3404100000000199,103.77221000000009
1713,451 Joo Chiat Road,1.3108000000000288,103.90138000000007
1714,500 Jalan Sultan,3.142500000000041,101.69814000000008
1715,66 East Coast Road,1.3046600000000694,103.90420000000006
1716,Buona Vista / West Coast / Clementi (D5),38.228054440111066,-121.04717019674088
1717,119 Aljunied Avenue 2,1.3196300000000747,103.88571000000007
1718,250 Sinaran Drive,1.320026169917651,103.84423422533
1719,587 Bukit Timah Road,5.4500000000000455,100.26667000000003
1720,79 Lucky Heights,5.980690000000038,116.10514
1721,408 Ang Mo Kio Avenue 10,38.36798274600005,-92.47774661699998
1722,50 East Coast Road,1.3046600000000694,103.90420000000006
1723,95 Serangoon Road,1.3180700000000343,103.85215000000005
1724,1 Tras Link,-36.76670999999993,174.73635000000002
1725,101A Upper Cross Street,,
1726,6 Stevens Drive,,
1727,38 Parbury Avenue,,
1728,103 Beach Road,,
1729,88 Sophia Road,,
1730,8 Wilkie Terrace,,
1731,28 Wilkie Road,,
1732,103 Sophia Road,,
1733,74 Keng Lee Road,51.45103457500005,0.009070274000066547
1734,168 Sixth Avenue,-26.173749999999927,28.006240000000048
1735,25 Fernvale Close,1.3938465441548544,103.88051484892168
1736,1 Lorong How Sun,1.343415231138195,103.88103100651921
1737,40 Kovan Rise,1.362912459933625,103.8852442539694
1738,63 Sunset Way,39.63288000000006,-76.83108999999996
1739,17 Tampines Central 7,1.3504800000000614,103.93626000000006
1740,41 Hume Avenue,53.48028794734403,-2.250747400558122
1741,1 Siglap Road,,
1742,134 Serangoon Avenue 3,1.3525200000000268,103.87036000000006
1743,119 Sunset Way,39.63288000000006,-76.83108999999996
1744,227 Upper Paya Lebar Road,,
1745,35 Amber Gardens,,
1746,30 Pasir Ris Link,1.3775523758388886,103.95949090084036
1747,3 Yishun Close,1.4347690071141272,103.84417301222874
1748,38 Farrer Road,,
1749,11 Flora Road,40.98327069870166,28.781648213632863
1750,23 Nathan Road,22.312425183834932,114.17049745942177
1751,31 Fernvale Road,-32.029416726236335,115.94106680882656
1752,39 Fernhill Road,45.47123000000005,-123.10176999999999
1753,5C Ridley Park,39.88119000000006,-75.32323999999994
1754,20 Bukit Batok Street 52,1.3560627267491299,103.75276693317704
1755,630 Upper Thomson Road,1.3502500000000737,103.83577000000008
1756,108 Grange Road,43.56711000000007,-80.22628999999995
1757,33 Lorong 19 Geylang,1.3139487762534685,103.87905581103593
1758,750 Bedok Reservoir Road,1.342610000000036,103.92539000000005
1759,60 Sturdee Road North,1.3137020130239847,103.85777684108251
1760,96 Joo Chiat Terrace,1.3146500000000287,103.90201000000008
1761,192 Depot Road,51.616250000000036,-3.7577499999999304
1762,78A Lorong K Telok Kurau,1.3129500000000576,103.91128000000003
1763,27 Ewe Boon Road,1.316247261742248,103.83040380842539
1764,1 Park Road,53.23381000000006,-1.430409999999938
1765,368 Upper East Coast Road,1.3128300000000195,103.92608000000007
1766,969 Bukit Timah Road,5.4500000000000455,100.26667000000003
1767,1 Peck Hay Road,1.3078802783544603,103.83957947783153
1768,71 Jurong East Street 13,1.337585072655969,103.73668264771658
1769,45 Mandalay Road,-33.55437999999998,116.06756000000007
1770,8 Geylang East Avenue 2,1.3169132039495395,103.8894198666743
1771,5 Gemmill Lane,1.2824813934427084,103.84724271662873
1772,939 Bukit Timah Road,5.4500000000000455,100.26667000000003
1773,32 Cairnhill Road,57.435253440000054,-2.7583398269999293
1774,331 Choa Chu Kang Avenue 3,,
1775,60 Mei Hwan Drive,1.3531346346033502,103.86275384755004
1776,28 Lorong 28 Geylang,1.3125373475777593,103.88540275575843
1777,211 Jalan Loyang Besar,3.709600000000023,98.68590000000006
1778,1 Ontario Avenue,42.890250034579196,-78.93063491160545
1779,1 Rhu Cross,41.238560000000064,-111.95826999999997
1780,55B Jalan Taman,-7.339674954903074,112.704600087707
1781,253 Pasir Panjang Road,,
1782,64 Upper Serangoon View,1.373431329323651,103.90230796481592
1783,33 Jurong West Street 41,1.3462709455500743,103.72284588577361
1784,33 Yishun Central 1,,
1785,69 Choa Chu Kang Loop,,
1786,6 Dover Rise,51.15461829674543,1.3843897475154827
1787,21 Kim Keat Road,1.3253874756979656,103.8533401320937
1788,1 Lengkong Empat,1.3273114158433401,103.91135757039831
1789,105 Spottiswoode Park Road,,
1790,831 Upper Serangoon Road,,
1791,461 River Valley Road,,
1792,83 Jurong West Central 3,,
1793,29 Amber Road,,
1794,32 Flora Drive,47.87573367221913,-99.4242843773731
1795,7 Thomson Lane,,
1796,22 Jalan Tenggiri,1.3068353064855671,103.91438259925434
1797,3 Taman Warna,6.003218965728963,102.00676778763304
1798,73 Meyer Road,,
1799,201 Telok Kurau Road,,
1800,8 Bhamo Road,33.615262265779535,-86.75159151599271
1801,1 Palm Road,39.62229002948027,2.671905058748976
1802,35 Robin Road,32.00133000000005,35.83044000000007
1803,7 Hertford Road,,
1804,483 River Valley Road,51.14365423833564,1.276944811286641
1805,7 Robin Drive,51.22968713087095,-101.36289299293168
